"","Sex","BMI Z-Score","Body Mass","Height","Waist Circumference","Total Sugar","Added Sugar","Caloric Intake","Age","Waist Circumference-to-Height Ratio","rs1801278","rs35874116","rs5400","rs5417","rs5418","rs12970134","rs1421085","rs2943641","rs7102710","rs17683430","rs9939609","rs17817449","rs1558902","rs17300539","rs17782313","rs4994","rs1801260"
"A0405","F",1.10546268679614,1.17859280177478,0.618354277957094,1.29270361225293,-1.30892207467571,-0.57719945161374,0.302604088197036,0.523978775976388,0.318666156267123,"2","0","2","2",2,2,"1",0,2,"2","1",1,"1",1,"2",2,2
"A0409","F",-0.265597762415562,-0.617701866693621,-0.580162188884865,-0.892605617517471,-1.26180463401306,-0.2614892040267,-1.72622500582579,-0.404236114907272,0.0255653915606339,"2","1","1","1",1,2,"1",1,2,"2","1",1,"1",1,"2",2,2
"A0414","M",0.413756514220869,1.49597883614426,1.27347556703596,1.39820129920736,-0.347094933759338,1.32464497882294,1.4359732509782,1.78163126605784,-0.416697749353128,"2","2","2","0",0,0,"0",1,2,"2","0",0,"0",1,"0",1,0
"A0415","M",0.253181867015895,1.47510876761283,1.3496524611149,1.66948106566162,-1.02979365302485,-0.274170700909112,2.55781887321415,1.09158997733664,-0.284557910678845,"1","2","2","2",2,2,"1",0,2,"2","1",1,"1",2,"2",2,2
"A0416","F",0.0555515319943873,0.479424567786331,0.359352838088704,0.343224429663031,-1.02772669887767,-0.653525077349196,-0.0704611284482688,0.0965987318163389,-0.148213026874649,"2","2","2","1",1,1,"1",2,1,"2","1",1,"1",2,"1",2,1
"A0418","F",0.166718595443985,1.12480708425899,0.933218773483372,0.930997256980585,-0.446984956745101,0.663735193691056,-1.45935416748921,1.82614612760477,-0.385262852437468,"2","2","2","1",1,1,"1",2,2,"2","1",1,"1",2,"1",2,1
"A0419","M",0.401404618282025,1.01049847672229,0.785943444930758,0.554219803571896,0.935053002992257,0.856448183462202,0.860612109333091,0.552918716993024,-0.526210269326144,"1","0","1","1",1,1,"2",1,2,"2","2",2,"2",2,"1",2,0
"A0420","F",-0.6114508487032,-0.0640557151986571,0.0851160194045271,-0.21440620138183,0.238938452557779,-1.1702768133115,-1.77849751098041,0.121086374215031,-0.280696960203015,"2","2","2","2",2,0,"0",2,2,"2","0",0,"0",2,"0",1,2
"A0423","F",1.68600179592182,-0.0896613090287861,-0.798535951911153,0.463793214753811,-0.0711976483998071,-0.0303369556584729,-0.911064151524006,-0.686924578616656,1.4854933337161,"2","2","2","1",1,2,"2",1,2,"2","2",2,"2",2,"2",2,1
"A0426","M",-1.05611910250159,-0.474057097825773,-0.158650041648074,-1.19402758024442,0.240890369565152,0.693726936843361,0.505941405459752,0.523978775976388,-0.891161788730624,"2","0","1","2",2,2,"2",0,2,"2","2",2,"2",2,"2",2,1
"A0427","M",1.04370320710192,0.632951555342245,0.166371373088729,1.11185043461676,-1.19535402147904,0.110068435987473,-0.743342544429054,0.33699848328777,0.745555941105163,"2","1","1","2",2,2,"1",2,2,"2","1",1,"1",2,"2",1,1
"A0428","M",-1.53784304411652,-1.1836812973757,-0.768065194279578,-0.952890010062862,NA,NA,NA,-0.540014973489534,0.241570311537256,"1","2","1","2",2,1,"1",1,2,"2","1",1,"1",2,"1",2,1
"A0429","M",1.05605510304077,0.748208414814166,0.278097484404504,0.750144079344416,-0.820792291800987,-2.1945529110204,0.369511800235914,1.04262281717177,0.308881454278195,"2","2","2","2",2,2,"1",2,2,"2","1",1,"1",2,"2",2,2
"A0431","F",1.64894610810529,0.474437494726624,-0.255140774148062,NA,0.454683829814793,-0.263968944562271,-0.209854041136652,-0.217255822218653,NA,"2","2","2","0",0,2,"2",1,1,"2","2",2,"2",2,"2",0,2
"A0432","F",-1.2537494375231,0.389564973213961,0.801178823746546,0.343224429663031,1.66212982379647,1.64084574978872,-0.658415596251657,0.995873681683363,-0.738633632449587,"2","1","2","1",1,0,"2",0,2,"2","2",2,"2",1,"0",2,2
"A0433","F",-1.57489873193305,-0.319691452415458,0.201920590325566,-0.772036832426691,1.39492119728227,1.26444942181107,0.0580794798682819,0.328093886051882,-0.985639420346547,"2","2","2","2",2,1,"2",1,1,"2","2",2,"2",2,"2",2,1
"A0434","F",-3.14358951616626,-0.789038026628187,0.323803620851867,-1.52559173924407,0.710136146216009,0.514894478337589,-0.208903141653063,0.535109522521248,-1.97044398141363,"2","1","1","2",2,1,"1",2,2,"2","1",1,"1",2,"1",2,1
"A0435","F",-1.17963806189003,0.280070888408916,0.658981954799194,0.780286275617109,1.08380157827679,0.211244181486513,-0.777108150745423,0.577398234759202,-0.160879177848083,"2","0","1","1",1,1,"0",1,2,"2","0",0,"0",2,"1",2,1
"A0438","F",0.599034953303532,-1.04067818208176,-1.24544039717426,-0.817250126835733,0.456285901071368,0.0211106797024007,-0.838001674707351,-1.33912132908533,1.05340478429797,"2","1","2","1",1,1,"2",1,2,"2","2",2,"2",2,"1",1,2
"A0439","F",-1.35256460503385,-0.811246874513585,-0.407494562305938,-0.0636952200183541,1.82278886326211,0.562966657456887,0.277592990240108,-0.52443192832673,0.532759037048784,"2","1","0","1",1,2,"2",2,2,"2","2",2,"2",2,"2",2,0
"A0441","M",0.47551599391509,-0.0664725765627695,-0.377023804674363,0.418579920344769,-1.24905012867477,-1.18490379029181,-1.39705540831843,-0.519979629708786,0.895270986443349,"2","1","2","0",0,2,"0",2,2,"1","0",0,"0",2,"2",1,2
"A0442","F",NA,-1.37377126623191,NA,NA,-1.73746580390867,-2.08670201981705,-0.188417332931898,-1.33912132908533,NA,"1","2","2","1",1,2,"1",2,2,"1","1",1,"1",2,"2",2,0
"A0443","F",1.67364989998298,NA,2.07587218466744,NA,NA,NA,NA,1.84395532207655,1.47667309546118,"2","1","2","1",1,2,"2",1,2,"2","2",2,"2",2,"2",2,2
"A0444","M",-0.0432636355163663,2.14520513691209,2.18251983637796,1.06663714020771,1.91766343900008,0.0430627079753218,1.73444222862954,1.96192498618703,-1.8611058992842,"2","1","1","1",1,1,"2",1,2,"2","2",2,"2",2,"1",2,2
"A0445","F",-0.932600143113149,-1.00263664792309,-0.722359057832215,-0.862463421244775,0.460105285998864,0.311666918220926,-1.62112781396355,-0.606791328126179,0.259770831406494,"2","2","2","2",2,2,"1",1,1,"2","1",1,"1",2,"1",2,2
"A0447","M",-0.487931889314758,0.401908648498483,0.49139278782553,-0.169192906972788,1.87667673365364,0.648928741718603,-0.222755100136847,0.495038834959753,-0.800077582633218,"2","1","2","0",0,1,"1",2,2,"2","1",1,"1",2,"2",2,2
"A0448","M",1.36485250151187,1.6445636926858,1.0652587232202,0.659717490526329,1.62543899757857,2.04595254686224,0.742816334517702,0.926871177737746,-0.797894161570643,"2","2","2","1",1,0,"2",2,2,"2","2",2,"2",2,"0",2,1
"A0449","M",2.89648759792855,-0.419147381318546,-1.53491259467422,NA,1.59004787165192,1.51016624493546,0.295927741394217,-1.17885482810438,NA,"2","2","2","2",2,2,"1",2,2,"1","1",1,"1",2,"2",1,1
"A0450","M",0.660794432997754,2.30429977981183,2.02508758861482,2.82995562216038,0.43414295388872,-1.4728059083417,2.01756450442765,2.13554838302182,-0.167109665233607,"2","0","2","1",1,2,"2",2,2,"2","2",2,"2",1,"2",2,1
"A0451","F",0.401404618282025,0.485029420562625,0.232391347957141,0.674788588662678,0.375532008271943,0.782207013240882,0.451644350448334,0.310292816212621,0.305442364129551,"1","1","1","0",0,2,"1",1,2,"1","1",1,"1",2,"2",2,1
"A0452","M",1.22898164618459,-0.838340359882059,-1.35208804888477,-0.229477299518177,-0.729583844443837,-0.212537727869636,-0.715400939447974,-1.43706377404759,1.68762383414829,"2","1","1","1",1,1,"1",2,2,"2","1",1,"1",1,"1",2,0
"A0453","M",-1.66136200350496,-1.45704889974002,-0.950889740069029,NA,0.41869088595222,1.45677828149221,-1.01369434694367,-0.4020099655983,NA,"1","1","1","2",2,1,"2",0,2,"2","2",2,"2",2,"1",2,2
"A0454","M",NA,-0.0430410031968512,NA,NA,-0.509113307668993,-0.110410986748484,0.713271809740834,-1.12766151863054,NA,"2","1","2","2",2,2,"1",2,2,"2","1",1,"1",2,"2",2,2
"A0455","F",1.82187265124911,0.589189983237854,-0.214513097305961,0.659717490526329,1.07867055285849,0.893060780013028,0.284987153053518,-0.364165427345776,0.876268517983573,"1","2","1","1",1,1,"2",2,2,"2","2",2,"2",2,"1",2,1
"A0456","F",0.351997034526648,-1.70184106879154,-1.7278940596742,-1.38995185601694,-0.308061914930706,0.592302245001819,-2.04210589678134,-1.45042066990142,1.25514500967887,"2","1","1","0",0,2,"1",0,2,"2","1",1,"1",2,"1",2,2
"A0457","M",-1.34021270909501,0.205797525395905,0.598040439536045,0.614504196117287,-0.455949555442677,-2.75390353442759,-2.89286030732955,0.506169581504613,-0.225398795599868,"2","1","2","2",2,2,"1",1,2,"2","1",1,"1",2,"2",2,1
"A0459","M",1.13016647867383,0.355869497020392,-0.143414662832287,0.40350882220842,-0.185156658189996,-0.380956084438752,0.362609978377522,-0.0302755295300354,0.573401031697821,"1","1","2","2",2,1,"2",2,2,"2","2",2,"2",2,"1",2,2
"A0461","M",NA,-1.54074164169338,NA,-1.43516515042598,-1.25955082539718,-1.55210144458153,-0.146565705921577,-1.54835499023116,NA,"2","0","2","0",0,1,"2",1,2,"2","2",2,"2",2,"1",2,1
"A0462","M",0.0679034279332315,-0.123413807863843,-0.265297693358587,-0.817250126835733,0.619239437587187,0.227370623515786,0.502529825309852,-0.246187638602775,-0.357520632801939,"2","1","2","1",1,2,"2",2,2,"2","2",2,"2",2,"2",2,2
"A0464","F",0.450812202037402,-0.597050499269853,-0.849320547963779,-0.0787663181547008,-0.472858263700939,-1.55466670022365,-0.0308507595579145,-0.949585823177807,1.12327251126572,"2","1","2","1",1,2,"2",2,1,"2","2",2,"2",1,"2",2,2
"A0465","F",0.821369080202728,1.96308387916294,1.56294776453593,2.06132961720665,-0.591806760871038,0.801848827755631,0.153353238641223,0.684245276957342,-0.225352626276815,"1","2","2","1",1,0,"1",1,2,"2","1",1,"1",2,"0",1,1
"A0467","M",-0.549691369008979,-0.283590727335187,-0.204356178095437,-0.485685967836086,0.0425220500046891,-0.169694812289878,-0.314808257935336,-0.150479467582009,-0.128570219237784,"2","0","2","1",1,2,"1",0,2,"2","1",1,"1",2,"2",1,1
"A0468","F",-0.500283785253602,1.66776593714087,1.84734150243063,0.765215177480763,-0.181847039088848,0.122130879357986,0.188674345094311,1.78607544004327,-1.71801751346061,"1","2","2","1",1,1,"1",1,2,"2","1",1,"1",2,"1",2,2
"A0469","M",-0.191486386782497,-0.348021643858586,-0.387180723884888,-0.545970360381477,0.606854405774578,0.690982519216563,-0.659406507059838,-0.237291165999402,0.07378441682308,"2","1","2","1",1,1,"2",2,2,"2","2",2,"2",2,"2",2,2
"A0470","F",-0.0803193233328989,0.691342396612749,0.613275818351831,-0.395259379018001,-0.750642657420013,0.229241519801825,-0.580590642393102,1.03371821993589,-1.19064008975861,"2","1","2","2",2,1,"2",2,2,"2","2",2,"2",2,"1",2,2
"A0471","M",1.36485250151187,-0.603161044361222,-1.19973426072689,0.117157957617817,-0.51032220235723,-1.61722406039464,0.560691914251855,-1.06755548728829,1.75031442423894,"2","1","2","1",1,1,"0",2,2,"2","0",0,"0",2,"1",2,1
"A0473","F",-1.38962029285038,0.305243106074571,0.77070806611497,-0.244548397654525,-0.0244346310854381,0.438626037242897,1.21493193616216,1.0092305775372,-1.25987856994904,"2","2","2","1",1,1,"1",1,2,"2","1",1,"1",2,"1",2,2
"A0474","M",-0.537339473070135,-0.494608516994003,-0.387180723884888,-0.922747813790166,0.225072118230771,-1.7315302942628,1.11043184184244,0.00978703339894569,-0.283591047132448,"2","1","2","1",1,1,"1",1,0,"2","1",1,"1",2,"1",1,2
"A0476","M",0.648442537058909,1.23562067397222,0.897669556246533,1.08170823834406,0.113474190964252,1.2823970250671,0.85664307702408,0.0476315716514696,-0.21012364032655,"2","1","2","1",1,2,"2",2,1,"2","2",2,"2",2,"2",2,0
"A0477","M",-1.47608356442229,0.779800567034765,1.25824018822017,0.463793214753811,0.129820380067427,-0.789372253558524,0.346548069490052,1.34757277397088,-1.23364400726504,"2","2","2","1",1,2,"1",1,2,"2","1",1,"1",2,"2",2,1
"A0479","F",NA,-1.44763148746973,NA,NA,0.347912512469581,-2.27386336928198,-0.526024073015824,-1.53945851762778,NA,"2","2","2","2",2,2,"2",1,1,"2","2",2,"2",1,"2",1,2
"A0480","M",-0.228542074599029,0.500567422434641,0.526942005062369,0.0267313687997305,-0.341841511813972,0.139078724352073,-0.715406599689313,1.09158997733664,-0.663077028650468,"2","1","2","2",2,2,"0",2,2,"2","0",0,"0",2,"2",2,2
"A0483","F",-0.895544455296617,-0.146853504364448,0.11050831743084,-0.229477299518177,-0.765291376452639,-0.778835327021701,-1.55051210678287,0.163375086452984,-0.329913714528781,"2","2","2","2",2,1,"2",1,2,"2","2",2,"2",2,"1",2,1
"A0486","F",NA,-0.551822883263807,NA,0.539148705435549,-0.0881994042662112,0.954974698694592,-0.137575926340042,-1.365835120793,NA,"2","2","2","2",2,2,"1",2,2,"1","1",1,"1",2,"2",2,2
"A0490","F",-0.75967359996933,-1.10623343077693,-0.905183603621668,-0.802179028699386,-0.496756354022576,-1.16280335994678,-0.238778200830094,-0.949585823177807,0.578563704783346,"2","2","2","2",2,2,"0",1,2,"2","0",0,"0",2,"2",1,2
"A0491","M",0.117311011688608,-0.797355452465097,-0.93057590164798,NA,-0.481400226527222,0.854325775552241,0.261819258718894,-0.629052821215899,NA,"2","1","2","2",2,2,"1",2,2,"2","1",1,"1",1,"2",2,2
"A0494","M",-1.2537494375231,0.856951148380498,1.25316172861491,1.02142384579867,0.826888722148631,1.10316935324266,0.0273623215768773,1.89960093016833,-0.716963438474658,"2","2","2","1",1,2,"1",1,2,"2","1",1,"1",2,"2",2,2
"A0502","M",0.47551599391509,-0.396312581424075,-0.666496002174327,-2.03800907587989,1.90191787289947,0.885153486620279,0.715809956733379,-0.462107872308029,-1.01991141116558,"2","2","2","2",2,2,"0",2,2,"2","0",0,"0",2,"2",2,2
"A0505","F",0.981943727407703,1.29845103643994,0.765629606509707,1.69962326193431,0.619304377821426,0.000625416935844578,-0.264050928305063,0.917966580501858,0.458081881030272,"2","0","2","1",1,1,"1",2,2,"2","1",1,"1",1,"1",2,2
"A0506","M",0.290237554832427,-1.19605887113452,-1.37240188730582,-1.3447385616079,0.236259147035244,-1.36157663790624,0.254801994263891,-1.43706377404759,0.766746976254931,"1","2","2","0",0,2,"0",1,2,"2","0",0,"0",1,"2",2,2
"A0507","F",-0.0309117395775221,1.37661274118778,1.29378940545701,1.33791690666197,-2.02620467592673,-0.720888052351289,0.741352206472218,1.81501538105991,-0.493451547208447,"2","1","2","0",0,2,"2",2,2,"2","2",2,"2",2,"2",2,1
"A0509","M",2.06891057002599,0.973733119978157,0.120665236641366,1.7599076544797,-0.972717195053165,-0.773545734745367,1.48293171884815,-0.0414062760748954,1.29058344425908,"2","2","2","1",1,1,"2",1,2,"2","2",2,"2",2,"1",2,2
"A0510","M",-0.463228097437069,0.974584433832547,1.10080794045703,0.373366625935726,-0.409642384965889,-0.366121877204317,0.423044009212891,0.964715715990269,-1.1101376632196,"1","2","1","2",2,1,"2",1,2,"2","2",2,"2",2,"1",2,1
"A0514","M",1.08075889491846,-1.00428496876647,-1.41302956414792,NA,-0.327483005209912,0.268529936309568,-0.630593127503746,-1.30795523875973,NA,"1","1","2","1",1,2,"2",1,2,"2","2",2,"2",1,"2",2,1
"A0515","F",1.10546268679614,0.967770089327936,0.425372812957118,0.539148705435549,-1.2941232247963,-0.2645459278782,0.564101656797824,-0.110408780020512,-0.0638470066954084,"2","2","1","1",1,2,"0",2,2,"2","0",0,"0",2,"2",2,1
"A0516","M",1.26603733400112,0.190685533884092,-0.361788425858575,0.689859686799025,0.143433650157121,0.260008550155161,-0.391398786872625,-0.259544534456607,1.09157073993905,"2","2","1","2",2,2,"0",2,2,"2","0",0,"0",1,"2",1,1
"A0517","M",-0.265597762415562,0.641418938131188,0.613275818351831,-0.847392323108428,0.592807638402582,-0.886732423568483,0.941611413412683,-0.0258232309120915,-1.6551886924194,"2","2","2","2",2,2,"2",1,1,"2","2",2,"2",2,"2",2,2
"A0518","F",-0.179134490843653,-1.17431063270557,-1.16926350309532,-0.681610243608604,0.989695645485791,-1.61199366764716,0.777003515609,-1.16549793225055,1.06191684108266,"2","2","2","1",1,0,"2",1,2,"2","2",2,"2",2,"0",2,2
"A0519","F",0.277885658893583,-0.173920278362968,-0.361788425858575,0.0418024669360794,-0.398653912629881,0.408703384019047,-0.772208108777621,-0.377522323199608,0.561068914885828,"2","2","2","1",1,2,"2",1,1,"2","2",2,"2",2,"2",1,2
"A0520","F",NA,NA,0.567569681904468,1.54891228057084,NA,NA,NA,1.24295188108171,0.584885350898266,"2","1","2","2",2,1,"1",1,2,"1","1",1,"1",2,"1",2,2
"A0522","F",0.24082997107705,0.271329497576868,0.0851160194045271,0.267868938981293,0.32401000643184,0.720662283742188,-0.941637363296483,0.183410430233732,0.152790714506953,"2","1","2","2",2,2,"1",2,2,"2","1",1,"1",1,"2",2,1
"A0523","M",-0.166782594904808,0.232956275082667,0.151135994272941,0.177442350163206,NA,NA,NA,-0.226160419454542,-0.0155293663748781,"2","1","2","0",0,1,"2",2,2,"2","2",2,"2",2,"1",1,2
"A0524","M",0.500219785792779,-0.504726615790545,-0.844242088358516,-0.123979612563745,-0.0964856828738634,-0.493800357677694,1.15499783890322,-0.980743788870901,1.07911882580329,"2","1","1","2",2,2,"1",1,2,"2","1",1,"1",2,"2",2,2
"A0528","F",-0.315005346170939,0.299444735612759,0.313646701641341,0.0568735650724261,-0.0284106921584112,-0.561999827152697,-0.648085663705985,-0.208351224982766,-0.34452515174263,"2","1","1","1",1,2,"1",1,2,"2","1",1,"1",2,"2",2,2
"A0536","F",0.611386849242377,0.352041379709981,0.00893912532558908,1.14199263088945,NA,NA,NA,0.686471426266315,0.96831416183521,"2","1","1","0",0,2,"0",2,2,"2","0",0,"0",2,"2",2,2
"A0537","F",0.216126179199362,1.29177384032199,1.12620023848335,1.85033424329779,0.00609039537288446,0.781852912996743,NA,0.174505832997844,0.135488174782669,"2","0","2","2",2,0,"1",1,2,"2","1",1,"1",2,"0",2,1
"A0538","M",0.957239935530014,0.690444326569204,0.252705186378191,-0.0787663181547008,-0.765056790856,-1.14506171961649,0.357098969959588,0.33699848328777,-0.386127421235943,"2","1","1","2",2,2,"1",2,2,"2","1",1,"1",2,"2",2,1
"A0539","M",-0.599098952764356,0.469133581953221,0.547255843483419,0.870712864435196,0.206331852571404,0.264068198424579,0.377366253875011,-0.101504182784625,0.0611271988187855,"2","1","2","2",2,2,"1",2,2,"1","1",1,"1",2,"2",2,2
"A0540","F",-0.734969808091642,0.929561392122554,1.1465140769044,-0.229477299518177,-1.45748815483893,0.274577991947297,0.353505185324649,0.991421383065419,-1.76412864328937,"2","1","2","1",1,1,"2",2,2,"1","2",2,"2",2,"1",2,1
"A0541","F",0.253181867015895,-1.99558968788102,-1.94118936309522,-1.49544954297137,-1.3008604529965,-2.07726375519811,-0.398569917748586,-1.50161397937526,1.48014828008903,"2","2","2","1",1,2,"0",2,2,"2","0",0,"0",2,"2",2,2
"A0542","F",0.809017184263884,-0.0785734390733898,-0.453200698753302,0.795357373753458,-1.20045580929166,-0.0971892985670692,-2.01576140919051,-0.0681200677825593,1.29122699081793,"2","2","2","1",1,1,"1",2,2,"2","1",1,"1",2,"1",2,1
"A0544","M",-2.08132646542566,-1.20889370787644,-0.752829815463792,-1.3447385616079,0.138178264149566,-0.806665744860577,0.830372072529179,-1.23450043619616,-0.159260520121026,"2","2","1","2",2,1,"2",1,2,"2","2",2,"2",2,"2",2,1
"A0546","M",-1.40197218878923,-0.852740185458211,-0.503985294805927,-1.05838769701729,NA,NA,NA,-0.475464768161861,-0.245490718883987,"2","1","1","1",1,2,"0",0,2,"2","0",0,"0",2,"2",2,1
"A0547","F",-0.747321704030486,-0.42394781915391,-0.204356178095437,-0.741894636153995,0.575727381430971,1.07918154216253,-0.0944235363799618,0.185636579542704,-0.372178178750671,"2","1","2","0",0,1,"2",0,2,"2","2",2,"1",2,"1",2,1
"A0548","F",-1.16728616595119,-0.771258764296871,-0.371945345069101,-0.998103304471904,NA,NA,NA,0.308066666903649,-0.379599235484426,"2","2","2","1",1,2,"2",2,2,"2","2",2,"2",2,"2",0,1
"A0549","F",-0.253245866476718,0.960946968061169,0.968767990720209,0.0870157613451217,-0.571694220403219,-0.486151122915818,0.347997544092144,1.40989682998958,-1.20643474050703,"2","0","1","2",2,1,"2",2,2,"2","2",2,"2",2,"1",2,2
"A0550","M",0.191422387321674,1.00062518533739,0.857041879404434,0.147300153890513,-0.190842994677569,0.442448275690453,2.38329845802051,0.604112026466865,-0.997354575529288,"2","2","2","1",1,2,"2",1,2,"2","2",2,"2",2,"2",2,1
"A0551","F",NA,-2.47888627081823,NA,-2.35450213674319,0.849473184534557,0.169654701809104,0.0891268487413924,-1.55725958746704,NA,"2","2","0","0",0,2,"1",2,2,"2","1",1,"1",2,"2",2,2
"A0553","F",NA,-1.48134208894047,NA,-1.73658711315293,NA,NA,NA,-0.753700933253301,NA,"1","0","2","2",2,2,"2",2,2,"2","2",2,"2",2,"2",2,2
"A0555","M",-0.0309117395775221,0.995822938870291,0.953532611904422,0.8405706681625,-0.129018131355864,0.339437430779112,-0.249637215878751,0.982516785829531,-0.490595700663904,"2","2","2","2",2,1,"0",0,2,"2","0",0,"0",1,"2",2,2
"A0560","F",-0.734969808091642,0.775383097605913,0.984003369535997,0.810428471889805,-0.449277224338106,0.685619353924028,1.7021687804003,1.03817051855383,-0.55672249849011,"2","1","2","2",2,1,"0",0,2,"2","0",0,"0",1,"1",1,2
"A0561","F",1.00664751928539,0.408859084213172,-0.0773946879638735,-0.0335530237456585,-1.67989692367475,-0.902120093352308,1.36185478110865,0.0253700785617496,0.107525108968028,"2","0","2","1",1,2,"2",2,2,"2","2",2,"2",2,"2",1,1
"A0565","M",-1.88369613040415,0.367655481048769,0.973846450325471,0.0719446632087749,0.79614638726921,1.43218363633026,0.525705865126663,1.67255807455073,-1.22792151684151,"2","1","1","1",1,1,"2",1,2,"2","2",2,"2",2,"1",2,1
"A0568","M",0.771961496447351,-1.71501803771334,-1.94118936309522,-0.877534519381124,NA,NA,NA,-1.51497087522909,1.9948678667208,"2","2","1","2",2,1,"1",2,2,"2","1",1,"1",1,"1",1,1
"A0573","M",NA,-0.248091507730915,NA,-0.877534519381124,0.47280488255113,0.501611795350694,-1.52369478895728,-0.700281474470488,NA,"2","1","1","0",0,1,"1",1,2,"2","1",1,"1",2,"1",2,2
"A0576","M",-0.228542074599029,1.11403936808461,1.15667099611492,0.28294003711764,2.45167836683862,0.887114835448274,0.280137116027108,1.04484896648075,-1.27077454583719,"2","1","2","2",2,1,"1",2,2,"2","1",1,"1",2,"1",1,2
"A0579","M",-0.191486386782497,0.849983700669884,0.851963419799171,-0.470614869699739,2.92587848542728,0.940174349799262,-0.092998627225281,1.33421587811705,-1.6014523515554,"2","2","2","1",1,2,"1",2,2,"2","0",0,"1",2,"1",2,2
"A0580","F",-0.883192559357772,0.952975536902231,1.23284789019386,0.418579920344769,0.620259527765996,1.47740500904934,1.93014840851901,1.15614018266432,-1.24284752989786,"2","1","2","2",2,2,"1",2,2,"2","1",1,"1",2,"2",2,2
"A0584","M",-1.34021270909501,0.328373355528567,0.73008038927287,-0.0636952200183541,0.912973518693511,1.2712630401668,-0.902699707507593,0.590755130613033,-1.02684617646684,"2","0","2","2",2,2,"1",2,2,"2","2",2,"1",2,"2",2,2
"A0585","M",0.574331161425844,1.60868760890329,1.34457400150964,1.08170823834406,-0.642884474360853,1.12698546501657,0.196061749842829,1.40544453137164,-0.780493620132319,"2","2","2","0",0,1,"0",1,2,"2","0",0,"0",2,"1",2,2
"A0586","F",1.50072335683916,-0.961594173493751,-1.5247556754637,-0.576112556654172,2.59296978382869,1.37115234304239,NA,-1.19889017188513,1.6502942965348,"2","1","0","1",1,1,"0",2,2,"2","0",0,"0",2,"2",2,2
"A0588","M",0.265533762954739,0.108127285958088,-0.112943905200711,0.388437724072073,0.686966449544022,0.991783014800939,-0.993838807411934,-0.257318385147635,0.520326511437455,"2","2","0","1",1,2,"1",1,2,"2","1",1,"1",1,"2",1,1
"A0589","F",-0.438524305559381,0.367973657654013,0.440608191772905,1.38313020107101,1.245394120465,1.29908371257777,-0.801172221876906,1.11830376904431,0.6133712732863,"2","1","2","2",2,2,"1",2,2,"2","1",1,"1",2,"2",2,2
"A0594","F",0.0926072198109199,-0.994814109089942,-1.09816506862164,-1.40502295415329,0.311984518247303,0.642297521248843,-0.393891454484178,-1.12988766793951,0.29956578912783,"2","1","2","1",1,2,"0",1,2,"2","0",0,"0",1,"2",2,0
"A0595","M",-0.537339473070135,0.258677535966997,0.354274378483442,-0.802179028699386,1.93756730508671,0.193822063030878,-0.803702936840938,0.294709771049817,-1.2353970136707,"1","2","2","2",2,1,"2",1,2,"2","2",2,"2",2,"1",2,2
"A0598","F",-0.84613687154124,-1.00510932124824,-0.732515977042741,-0.515828164108781,-1.09061274127127,-0.908746724744637,-0.222562099070539,-0.386426920435496,0.588890773414058,"2","1","2","1",1,2,"2",0,2,"2","2",2,"2",1,"2",2,0
"A0600","M",-1.29080512533963,0.117141797556009,0.450765110983431,0.0568735650724261,0.645794536443005,1.41754094049877,NA,0.0765715126681056,-0.53117877494893,"2","1","1","1",1,1,"2",2,2,"1","2",2,"2",2,"1",2,0
"A0602","M",0.561979265487,1.04868953663467,0.77070806611497,0.674788588662678,NA,NA,NA,0.76437852744782,-0.398765629353561,"2","2","2","1",1,2,"1",0,2,"2","1",1,"1",2,"2",2,1
"A0606","M",-0.37676482586516,1.68813983767686,1.82194920440432,0.991281649525976,0.322563739122073,-0.0172782296969534,-0.636940582692725,1.75491747435018,-1.47236413941813,"2","2","2","1",1,2,"2",2,2,"2","2",2,"2",2,"2",1,2
"A0608","M",1.9577435065764,-0.587516844306606,-1.39271572572687,-0.395259379018001,-1.58324175080288,0.241293792230274,-2.48740558907887,-1.53500621900984,1.61209718540336,"2","1","2","2",2,2,"1",0,1,"2","1",1,"1",2,"2",2,2
"A0609","F",-0.203838282721341,1.48671340180679,1.50200624927278,2.45317816875169,-1.05385869111556,-1.51647594932347,-0.214694424160741,1.11385147042636,0.154185671676974,"2","1","1","1",1,1,"0",0,2,"2","0",0,"0",2,"1",2,2
"A0612","M",-0.166782594904808,1.10546477294803,1.11096485966756,0.915926158844238,1.5848053278956,1.45433493873607,0.330688586628887,1.36538196844265,-0.627547346421413,"2","1","2","2",2,2,"1",1,2,"2","1",1,"1",2,"2",2,2
"A0613","M",-0.352061033987471,1.11956400798829,1.16174945572019,0.8405706681625,0.429030197391035,-0.570384359696884,1.85886828378126,0.198993475396536,-0.760266941102365,"1","2","2","2",2,2,"1",2,2,"2","1",1,"1",1,"2",2,2
"A0614","M",0.166718595443985,-0.541992350838297,-0.722359057832215,-1.08852989328999,-0.244500150790558,0.0688475224882073,-1.30352943466217,-0.617922074671039,0.0459508978409872,"2","0","2","1",1,1,"1",1,2,"1","1",1,"1",2,"1",2,2
"A0615","F",-0.37676482586516,1.51651083937976,1.62388927979908,1.60919667311623,-1.18424630392243,-0.974110367868025,-0.0945216296787021,1.2985974891735,-0.67363031129257,"2","2","2","0",0,0,"2",2,2,"2","2",2,"2",2,"0",2,2
"A0618","M",-0.623802744642044,0.110799851025143,0.247626726772929,-1.29952526719886,2.49875385075333,1.77264349629641,-0.421458909614739,0.419357883087219,-1.60579008826736,"2","1","2","2",2,2,"1",1,2,"2","1",1,"1",1,"2",2,2
"A0620","M",-0.895544455296617,0.406964414719485,0.598040439536045,-1.57080503365311,-0.586880463031751,-0.406703309092185,0.316049783516881,0.0164654813258618,-2.43485979808171,"2","2","2","1",1,2,"1",1,2,"1","1",1,"1",2,"2",2,2
"A0621","F",-0.574395160886667,-0.210343895360276,-0.0926300667796617,0.418579920344769,-0.375676434133719,-2.00468490930234,-1.51374856022297,-0.33522548632914,0.518624895476445,"2","2","2","2",2,1,"2",2,2,"2","2",2,"2",2,"1",2,2
"A0622","M",0.0431996360555431,0.638396425960023,0.521863545457107,0.780286275617109,-1.19491542777545,-0.194753850765994,0.708430352587227,0.23683801364906,0.0173567536948412,"2","2","1","2",2,1,"0",2,1,"2","0",0,"0",2,"1",2,2
"A0630","F",0.030847740116699,-0.547283450071607,-0.600476027305915,-0.515828164108781,0.198202626126927,-0.795198297914518,-0.106041339688492,-0.110408780020512,0.402716449462068,"2","1","2","0",0,2,"2",1,2,"2","2",2,"2",2,"2",2,2
"A0633","F",-1.92075181822069,-0.760226111302031,-0.0926300667796617,-0.365117182745306,0.586748414938543,0.922381016041043,0.863367435836806,0.392570969686925,-0.173168425890151,"2","1","2","1",1,1,"2",1,1,"1","2",2,"2",1,"1",1,1
"A0637","F",-1.71076958726033,1.48284801497945,2.20791213440427,1.11185043461676,-0.403333336307463,-0.00267760478854865,0.751550742438713,1.79943233589711,-1.85060876186954,"2","1","2","1",1,2,"0",2,2,"2","0",0,"0",2,"2",2,2
"A0643","F",-0.438524305559381,-2.42906985696276,-2.06815085322679,-1.84208480010737,0.0895978632138766,-0.355639235893599,0.0784974183467862,-1.48380478490348,1.3637478218952,"2","2","2","0",0,1,"2",1,2,"2","2",2,"2",1,"1",2,1
"A0649","F",-0.450876201498225,0.588274429476306,0.674217333614983,0.298011135253989,-0.338379893974315,0.675146765346299,-0.808114705329474,0.443626160408019,-0.610401407845154,"2","2","2","1",1,2,"1",1,2,"2","1",1,"1",2,"2",2,1
"A0650","F",-0.129726907088276,0.686850523398753,0.628511197167619,0.328153331526682,0.218392569173214,-0.14959541447544,1.49449537602476,1.04262281717177,-0.521636433114938,"2","2","1","1",1,2,"2",2,2,"2","2",2,"2",1,"2",2,2
"A0651","F",-2.29130869638601,0.251852410411227,1.09572948085177,0.554219803571896,-1.60534478758127,-1.36172344665778,-1.11919933155134,1.94412391634777,-0.934553360347476,"2","0","2","1",1,1,"1",1,2,"1","1",1,"1",2,"1",2,1
"A0653","F",0.500219785792779,0.141769933707864,-0.148493122437549,-0.425401575290697,-0.461571872158833,-1.45119431049331,0.330488690598827,0.699828322120147,-0.15095895290075,"2","2","2","1",1,1,"1",2,2,"2","1",1,"1",1,"1",2,0
"A0656","M",-0.487931889314758,2.08503800115837,2.31963824572004,1.36805910293467,1.4138752223595,1.23409860710306,1.71405273352194,1.85508606862141,-1.75206504770787,"1","2","1","0",0,2,"2",1,2,"2","2",2,"2",2,"1",1,2
"A0660","F",0.487867889853935,0.924980687715568,0.618354277957094,0.765215177480763,NA,NA,NA,0.706506770047062,-0.121031354259757,"2","2","1","1",1,1,"1",2,2,"2","1",1,"1",2,"1",1,2
"A0662","F",-0.895544455296617,-0.0118452148942171,0.252705186378191,-1.32966746347155,-1.92138938100098,-1.86200537778172,-0.330765123274236,0.445844185084477,-1.64623269757392,"2","1","2","1",1,2,"2",1,2,"2","2",2,"2",2,"2",2,0
"A0663","F",0.500219785792779,0.610204175032204,0.283175944009766,0.328153331526682,-0.916863293158869,-0.715601184115297,0.556944589647088,1.08491152940973,-0.0597012996285285,"2","0","2","0",0,2,"1",1,2,"2","1",1,"1",2,"2",2,2
"A0664","F",-0.0926712192717431,-0.816018034130563,-0.813771330726941,-0.395259379018001,1.54758924448128,0.787122100090178,-0.134163924962879,-0.426554480424593,0.808126109639657,"2","0","2","1",1,0,"1",1,2,"2","1",1,"1",2,"0",2,2
"A0673","M",-0.648506536519732,-1.16113453465134,-1.10324352822691,-0.832321224972079,0.0610819715252741,-0.311312103901902,-0.654617171514615,-1.17463814382936,0.836208049033963,"2","1","2","1",1,2,"0",2,2,"2","0",0,"0",2,"2",2,1
"A0680","M",0.389052722343181,-0.0416658954220475,-0.300846910595425,-0.169192906972788,-0.425166226750576,-0.765453126972609,-0.0354809686067397,-0.315563875644059,0.294013147342868,"2","1","2","2",2,1,"2",2,2,"2","2",2,"2",2,"1",2,2
"A0681","F",-1.57489873193305,0.318748017020029,0.862120339009696,0.192513448299555,-0.590178749339994,-0.105959752737944,0.324756616848225,0.813345687612689,-0.961313919389076,"2","1","2","2",2,2,"2",1,2,"2","2",2,"2",2,"2",2,2
"A0683","F",-1.43902787660576,-0.497604460167442,-0.00629625349019766,-0.772036832426691,0.585414754942749,1.11379643896951,1.32128430365368,0.712226511337268,-0.68630494493252,"2","2","1","1",1,2,"0",2,2,"2","0",0,"0",2,"2",2,2
"A0685","M",-0.0679674273940547,0.565640546490596,0.516785085851843,NA,0.495052950624401,0.323009091691402,-0.360451219901338,0.694466064660579,NA,"2","2","2","0",0,2,"1",2,2,"2","1",1,"1",2,"2",2,0
"A0688","M",-0.129726907088276,-0.135295627457707,-0.214513097305961,-0.606254752926866,-0.260472446642346,-1.30134671491476,-0.507640135680815,-0.257846486261077,-0.22770212402319,"2","1","2","1",1,0,"1",1,2,"2","1",1,"1",2,"0",2,2
"A0689","F",-0.191486386782497,-0.928987259422402,-0.864555926779567,-0.470614869699739,-0.599763149796595,0.498134400618487,0.217362670174195,-0.129095434803854,0.814078517849215,"1","1","1","2",2,1,"0",1,2,"2","0",0,"0",2,"1",2,1
"A0690","F",0.47551599391509,0.649269410139052,0.364431297693967,0.930997256980585,-0.996770493526685,0.397460378742752,0.858646162719183,0.207898072632424,0.347047381128506,"2","1","2","0",0,2,"2",0,2,"2","2",2,"2",2,"2",2,1
"A0697","F",0.104959115749764,2.20919304587433,2.14697061914112,1.65440996752527,-1.60325832510007,-0.00207665438699005,-0.309533842340031,1.88179173569656,-1.2796955136249,"2","0","2","1",1,1,"1",0,2,"2","1",1,"1",2,"1",2,1
"A0700","F",1.01899941522424,-1.02700145916544,-1.37240188730582,-0.500757065972435,1.65976165499973,0.194829430825878,-1.21086694003652,-1.35025207563019,1.49882219000126,"2","2","1","1",1,2,"0",1,2,"2","0",0,"0",2,"2",2,1
"A0701","M",0.314941346710116,0.624167477782173,0.384745136115017,-0.108908514427396,0.476686132732151,-0.0425002181108966,-0.0290406012143491,-0.113553012803623,-0.59579489718339,"2","1","2","2",2,1,"1",1,1,"2","1",1,"1",2,"1",2,2
"A0703","M",-2.34071628014139,0.16859721807309,0.958611071509684,-0.395259379018001,-0.720934036820465,-0.809666595506038,0.473392163945773,1.00255212961028,-1.67324626794542,"2","2","2","0",0,2,"2",1,2,"2","2",2,"2",2,"2",1,2
"A0705","F",0.463164097976246,-0.718666275546565,-0.981360497700606,-1.29952526719886,0.835671467524541,-0.355658250749113,-0.399694989439852,-1.13468120112306,0.226405756957751,"2","1","2","2",2,2,"1",2,2,"2","1",1,"1",2,"2",2,2
"A0706","F",1.68600179592182,0.528112837638066,-0.224670016516487,0.870712864435196,-0.498234852708947,-0.0377064488131393,1.88798395971491,0.010753864668171,1.05580205187528,"1","2","2","1",1,2,"2",1,2,"2","2",2,"2",2,"2",1,1
"A0707","M",0.759609600508507,1.14847421124666,0.796100364141282,0.644646392389982,NA,NA,NA,1.22944874184262,-0.458749469647511,"1","2","1","1",1,1,"2",1,2,"2","2",2,"2",2,"2",2,2
"A0710","F",1.59953852434991,1.84740676876448,0.999238748351784,1.57905447684353,-1.11388108981228,0.493426039929463,-0.0689118150869677,1.38262243863842,0.0744560461126194,"1","1","2","1",1,2,"0",2,2,"2","0",0,"0",2,"2",2,2
"A0717","M",0.846072872080416,0.452250558604673,0.0140175849308528,0.192513448299555,-1.04782797982512,-0.289459008338832,0.824704196446043,-0.319999924996974,0.182716489898992,"2","1","2","2",2,2,"0",1,2,"2","0",0,"0",1,"2",2,2
"A0719","F",0.47551599391509,0.434371041732292,0.146057534667678,0.388437724072073,0.72046900610296,0.0607621853120234,1.17108931267917,-0.240086039584388,0.175818362461271,"1","0","2","1",1,2,"2",1,2,"2","2",2,"2",2,"2",2,2
"A0722","M",2.19242952941443,-0.757078134721783,-1.60093256954263,-0.184264005109134,NA,NA,NA,-1.54313085152434,2.05995186063462,"2","1","2","1",1,0,"1",1,2,"2","1",1,"1",2,"1",2,2
"A0728","M",0.191422387321674,1.40127811243841,1.28363248624649,0.780286275617109,-2.26592268430104,-0.9806026696267,-0.459159721058274,1.25387138718119,-0.972856884267623,"1","0","2","1",1,2,"1",2,2,"2","1",1,"1",2,"2",2,2
"A0734","M",-0.00620794769983364,1.04757019129146,0.978924909930735,0.298011135253989,-0.941524440741553,-1.03971175982507,-0.420358885149564,1.60016759884657,-1.01853494149056,"1","1","2","1",1,2,"1",2,2,"2","1",1,"1",2,"2",2,2
"A0736","M",-1.42667598066692,0.259651836804437,0.613275818351831,-0.787107930563037,-1.1354918785178,-0.977850231680425,1.36677958597414,-0.164608203524717,-1.59166669312027,"2","2","2","1",1,1,"1",2,2,"2","1",1,"1",2,"1",2,1
"A0738","M",0.277885658893583,-0.292232511277631,-0.52937759283224,NA,0.886631546023329,1.55194160267071,-1.78241240242285,-0.588600275926222,NA,"2","1","2","1",1,2,"2",2,2,"2","2",2,"2",2,"1",2,2
"A0741","F",-0.623802744642044,-0.436523394470726,-0.275454612569113,-1.72151601501659,-1.11872040279201,-0.05700779653744,-0.35972431064722,-0.135749508833227,-1.27789355579296,"2","2","1","0",0,2,"2",1,2,"1","2",2,"2",2,"2",2,1
"A0744","M",-1.66136200350496,0.899140163526078,1.45630011282541,1.00635274766232,-0.11416734353196,0.845905499997758,0.474463321180118,1.75555119568631,-0.990584884098515,"1","1","2","2",2,1,"1",2,2,"2","1",1,"1",2,"1",2,1
"A0752","F",-0.0185598436386779,0.677255113963992,0.587883520325519,0.433651018481115,-0.484060001484388,0.922483786910323,1.14767667740706,0.583475459880044,-0.372178178750671,"2","1","2","0",0,2,"0",2,2,"2","0",0,"0",2,"2",2,2
"A0758","F",NA,-0.330932769533719,NA,NA,-1.01443744187625,-0.698377135026653,-0.760386102390272,-0.184586674877864,NA,"1","1","2","1",1,1,"1",0,2,"2","1",1,"1",2,"2",2,1
"A0767","F",0.463164097976246,0.0913931546691128,-0.184042339674386,1.00635274766232,-1.95115958280453,-1.42314295684012,-1.38232664159385,-0.413230083100819,1.10863726132195,"2","1","2","2",2,2,"2",1,2,"2","2",2,"2",2,"2",2,1
"A0768","M",1.2042778543069,1.20473889315198,0.658981954799194,0.28294003711764,-0.975629887096777,1.0383159462195,1.24321794181835,1.47585259674226,-0.603818755553912,"2","1","2","1",1,2,"1",1,2,"2","1",1,"1",2,"2",2,1
"A0770","F",-1.37726839691154,0.603513043661339,1.08557256164125,-0.108908514427396,0.192447412860177,1.06759796924659,0.447409365776502,1.57797110281697,-1.55846868199731,"2","2","2","1",1,0,"1",1,2,"2","1",1,"1",2,"0",1,2
"A0772","F",0.957239935530014,0.32612900635571,-0.194199258884912,1.29270361225293,0.789600874948838,-0.354680951247285,-0.775226370603892,-0.985951678312693,1.3368803797658,"1","1","2","0",0,1,"2",0,1,"2","1",1,"2",2,"2",2,2
"A0774","F",-0.327357242109783,-1.95747725689482,-1.76344327691104,-1.99279578147084,0.175191086693675,-2.01108997677417,1.04053683344642,-1.59196801756897,0.750362993982,"2","1","2","2",2,1,"0",2,2,"2","0",0,"0",2,"1",1,1
"A0775","M",NA,NA,-0.356709966253313,NA,0.577564549761739,0.654389727447726,1.94190040430268,0.048492782698006,NA,"2","2","2","0",0,1,"1",1,2,"2","1",1,"1",2,"1",2,2
"B0418","M",1.66129800404413,-1.07439853689781,-1.68218792322684,-0.470614869699739,0.0274699139041973,-0.580260560474353,-0.621043729075371,-1.48380478490348,1.95216172148725,"1","2","1","1",1,2,"2",2,2,"2","2",2,"2",1,"2",2,1
"B0426","M",0.537275473609311,-1.58469692145667,-1.75328635770051,-1.75165821128928,-0.469831570073763,-0.457676316297274,0.498407797993783,-1.43261147542964,0.964200475659181,"2","1","0","2",2,1,"2",1,2,"2","2",2,"2",2,"1",1,2
"B0429","F",1.67364989998298,-1.1934956243008,-1.74820789809525,0.478864312890158,0.573998157792995,0.879534372669807,0.574861538642937,-1.06978163659727,NA,"2","1","2","2",2,2,"1",1,2,"2","1",1,"1",1,"2",2,2
"B0432","M",0.216126179199362,-0.523138544039273,-0.752829815463792,-0.319903888336263,2.18476399520526,2.14759936107514,-0.27559483782108,-0.856095676833498,0.788130944886158,"2","0","2","2",2,1,"1",1,2,"2","1",1,"1",1,"1",2,2
"B0434","M",0.104959115749764,-1.02120984624224,-1.12863582625322,NA,NA,2.23093958368642,-1.59628047337024,-0.684698429307684,NA,"2","2","2","1",1,1,"0",1,2,"2","0",0,"0",2,"1",2,1
"B0443","F",-0.389116721804004,1.23778107060785,1.31410324387806,0.674788588662678,NA,NA,NA,1.84395532207655,-1.10955292819298,"2","1","2","1",1,2,"2",1,2,"2","2",2,"2",2,"2",2,2
"B0448","F",0.438460306098558,-0.598195690344407,-0.818849790332204,-0.636396949199561,0.61266457379351,0.250228203521027,0.0281084256308107,-0.66911538414488,0.603956539075234,"2","2","1","1",1,0,"1",1,2,"2","1",1,"1",2,"0",2,1
"B0450","M",2.10596625784253,1.26632344834478,0.394902055325543,2.27232499111552,-1.01021079992849,-0.191658437092549,1.39929185689783,-0.00578788713134366,1.3263323027599,"2","1","2","2",2,2,"1",1,2,"2","1",1,"1",2,"2",2,2
"B0457","M",0.623738745181221,-0.63420417691387,-1.02706663414797,-0.319903888336263,-0.121846349841632,-0.961354140755445,1.42611907356409,-1.2011163211941,1.16817809082313,"2","1","1","2",2,2,"1",1,2,"2","1",1,"1",2,"2",2,2
"B0468","F",NA,-1.11211864123203,NA,-0.817250126835733,1.6532729240078,-0.910643020062436,-1.30888709792788,-0.978517639561929,NA,"1","2","2","0",0,1,"1",0,2,"2","1",1,"1",2,"1",2,2
"B0477","F",-0.14207880302712,-1.37288761959003,-1.3216172912532,-1.10360099142634,1.51755851242336,0.808316591645996,-3.00017190144111,-0.954038121795751,0.911140764887758,"2","1","2","0",0,2,"0",1,2,"2","0",0,"0",2,"2",2,1
"B0479","F",NA,-1.63644222601382,NA,NA,0.689778005462304,-2.34460305424979,-0.683764005102334,-1.53945851762778,NA,"2","2","2","2",2,1,"2",2,2,"2","2",2,"2",2,"1",1,1
"B0480","M",0.32729324264896,-1.47098139679478,-1.63140332717421,-0.862463421244775,0.879650034907464,2.14458858080224,0.0557095684116855,-1.52832777108292,1.56678127934356,"2","1","2","1",1,2,"1",2,2,"2","1",1,"1",2,"2",1,2
"B0483","M",-0.84613687154124,0.345974532987455,0.537098924272893,-0.470614869699739,-1.60116544425873,-0.877905020469236,-0.739614414624102,0.163375086452984,-1.15905815911624,"2","2","2","2",2,1,"1",1,2,"2","1",1,"1",2,"1",2,2
"B0491","M",NA,-0.896579517739597,NA,NA,NA,NA,NA,-0.629052821215899,NA,"2","1","2","2",2,2,"1",2,2,"2","1",1,"1",1,"2",2,2
"B0494","M",0.870776663958105,-1.29265016878215,-1.59077565033211,-0.440472673427043,1.78910641666227,NA,-0.708932233991503,-1.33244288115842,1.84961341044019,"2","1","2","2",2,2,"1",1,2,"2","1",1,"1",2,"2",2,1
"B0507","F",-0.154430698965964,-0.302332426477035,-0.31100382980595,-0.787107930563037,-0.199539515957163,-0.658205180860927,-0.692551466597049,0.00533473478100177,-0.262475392861803,"2","2","2","0",0,2,"1",2,2,"2","1",1,"1",2,"2",1,0
"B0510","F",0.450812202037402,-0.458788597778144,-0.722359057832215,0.463793214753811,-0.362788841897413,-1.08978674567927,0.317392050515342,-0.900610538380424,1.38574220762824,"1","2","1","2",2,1,"1",1,2,"2","1",1,"1",2,"0",2,1
"B0520","F",NA,0.978271880472084,-1.29114653362162,-0.591183654790519,NA,NA,NA,-1.03862367090417,1.31059336039842,"2","1","2","2",2,1,"2",2,2,"1","2",2,"2",2,"1",1,2
"B0522","F",1.01899941522424,-1.10833454247845,-1.43842186217423,NA,0.956903041118112,1.31409337996759,-0.719665404762836,-1.33244288115842,NA,"2","1","2","2",2,2,"1",2,2,"2","1",1,"1",2,"2",2,1
"B0540","F",-0.562043264947823,-1.14672084647481,-1.01183125533218,-0.937818911926513,0.6879669547789,0.282100540741508,-0.778759443226961,-1.0363975215952,0.609579785335833,"2","0","1","2",2,2,"1",2,2,"1","1",1,"1",2,"2",2,0
"B0555","F",-0.129726907088276,-0.410664930045274,-0.453200698753302,0.267868938981293,-0.0219659441687482,-1.06388133261054,0.326257947158994,-0.606791328126179,0.873544723556745,"2","2","2","2",2,1,"0",1,2,"2","0",0,"0",2,"2",2,2
"B0576","M",0.154366699505141,0.154372483598403,-0.00629625349019766,0.177442350163206,0.464158058128433,0.437068285514402,-0.026832304127668,0.0209177799438057,0.196958441805828,"1","1","2","2",2,1,"1",1,2,"2","1",1,"1",1,"1",1,2
"B0580","F",0.734905808630819,0.801832833976274,0.41013743414133,1.26256141598023,0.18161881425446,1.32713831701206,2.65468944398758,0.265769830033181,0.556597099797662,"2","1","2","2",2,1,"1",2,2,"2","1",1,"1",2,"1",2,2
"B0609","F",2.09361436190368,-0.353851721399829,-1.20481272033216,0.930997256980585,-0.381828271691079,-0.937196275533957,-1.8534767192707,-1.07868623383315,2.3421051292379,"2","0","1","1",1,1,"1",0,2,"2","1",1,"1",2,"1",2,2
"B0613","F",0.636090641120065,-1.45256233423504,-1.62124640796369,-0.410330477154348,0.750263641908082,-1.20893223329046,1.06337745789217,-1.4749001876676,1.9150259307001,"1","2","2","2",2,1,"1",2,2,"2","1",1,"1",2,"1",2,1
"B0622","F",0.030847740116699,-1.93091122301923,-1.79899249414787,-1.75165821128928,-0.54056354593424,0.140454165728572,1.24764243137021,-1.36806127010197,1.03419343166001,"2","2","2","2",2,2,"1",0,1,"2","1",1,"1",2,"2",2,2
"B0633","F",-2.61245799079596,-0.800924059554453,0.11050831743084,-1.81194260383467,-0.620087180165378,0.517745770454474,0.667260029081853,0.392570969686925,-1.97282528598387,"2","2","2","1",1,2,"2",1,1,"1","2",2,"2",1,"2",2,2
"B0640","M",-0.352061033987471,0.0412098353943699,0.0698806405887404,-0.304832790199914,1.02256845949437,0.975881404567156,-1.30987666607416,0.165601235761956,-0.343860815916634,"2","2","2","2",2,2,"1",1,2,"2","1",1,"1",2,"2",2,2
"B0649","M",-0.0803193233328989,-1.67792384735353,-1.62124640796369,NA,-1.22698310919302,0.400435767620658,-1.02890716171154,-1.26789267583074,NA,"2","2","2","2",2,2,"1",1,2,"2","1",1,"1",2,"2",2,1
"B0653","F",-0.438524305559381,-2.14776534546362,-1.82438479217419,-2.52028421624301,0.788021259102084,-0.821995264729913,0.444540076236933,-1.33689517977636,0.316408824533153,"1","2","2","1",1,1,"0",2,2,"2","0",0,"0",2,"1",2,1
"B0663","F",NA,NA,NA,NA,-0.0276775191588478,-0.421467574397839,-0.157228415902586,-1.14577944913786,NA,"2","0","2","0",0,2,"0",1,2,"2","0",0,"0",2,"2",2,2
"B0666","F",0.981943727407703,0.992430494880229,0.496471247430794,0.885783962571543,0.0801740768462352,0.482614610428395,-0.207229513595934,0.174505832997844,0.139391110426498,"2","1","2","1",1,2,"1",2,1,"2","1",1,"1",1,"2",1,2
"B0685","F",-0.858488767480084,-0.847535738526751,-0.641103704148015,-1.37488075788059,-1.11653429227056,-0.148245122463971,0.0173893449114062,-0.901601743547192,-0.356936226626261,"2","2","2","0",0,1,"1",1,2,"2","1",1,"1",2,"1",2,0
"B0703","F",-1.04376720656275,-1.58147952135745,-1.20989117993742,-1.81194260383467,-0.743335171058807,0.069938345595319,0.189794396283143,-0.812807634796262,0.0682661812354697,"2","2","2","1",1,1,"2",0,2,"2","2",2,"2",2,"1",2,2
"B0721","M",-0.697914120275109,-0.0671633108138341,0.0597237213782145,-0.711752439881299,-0.0420864149052386,0.960599458786913,-0.092168417250391,-0.0403013260529239,-0.721379518668464,"2","1","2","1",1,2,"1",2,2,"2","1",1,"1",2,"2",2,1
"B0728","F",0.277885658893583,-0.473684171874212,-0.641103704148015,0.313082233390335,1.19121037117301,1.00312955692252,-1.18752118249033,-0.528664861866783,1.1602635831895,"1","1","1","2",2,2,"2",2,2,"2","2",2,"2",2,"1",2,1
"B0734","F",-0.105023115210587,1.11763103937542,1.0652587232202,1.53384118243449,-0.382111882101572,-1.39615088649341,1.27747914307034,1.60016759884657,-0.0441557211679539,"1","2","2","1",1,2,"1",2,2,"2","1",1,"1",2,"2",2,1
"B0744","F",-0.228542074599029,0.221520755052472,0.176528292299253,0.493935411026507,-1.70393086847135,-0.754556334775454,1.35647371866851,-0.560050317270282,0.22589480964413,"2","1","2","2",2,1,"1",2,1,"2","1",1,"1",2,"1",2,1
"B0752","F",-0.253245866476718,-1.05106285531918,-1.02706663414797,-0.726823538017648,-0.101654762060213,0.888772262804683,-0.369072578323122,-1.06586556372528,0.820282787961886,"2","2","2","0",0,1,"0",2,2,"2","0",0,"0",2,"1",2,2
"B0768","M",2.05655867408715,0.141105810823383,-0.752829815463792,0.976210551389629,-1.3351859480057,0.299141617507779,0.360380843704703,-0.937114512268056,1.80662951713038,"1","2","2","1",1,2,"1",1,2,"2","2",2,"1",2,"2",2,1
"B0770","F",0.030847740116699,-0.896983395148767,-0.93057590164798,-1.28445416906251,-0.573574357307954,0.0338496789523393,-0.801446011699479,-0.493265838001122,0.165257345970163,"2","2","2","1",1,1,"1",1,2,"2","1",1,"1",2,"1",1,1
"C0443","M",-0.240893970537874,0.270033249630416,0.252705186378191,0.524077607299202,NA,NA,NA,0.178958131615788,0.151032411050308,"2","2","2","1",1,1,"2",1,2,"2","2",2,"2",2,"1",2,2
"C0576","F",-0.0679674273940547,-1.20889370787644,-1.20989117993742,-0.877534519381124,-0.276792026156957,0.450942251981936,-0.273163532490984,-0.994100684724733,0.949700021961334,"2","1","1","2",2,1,"2",1,2,"2","2",2,"2",1,"1",1,1
