"","Sex","BMI","Body Mass","Height","Waist Circumference","Total Sugar","Added Sugar","Caloric Intake","Age","Waist Circumference-to-Height Ratio","rs1801278","rs35874116","rs5400","rs5417","rs5418","rs12970134","rs1421085","rs2943641","rs7102710","rs17683430","rs9939609","rs17817449","rs1558902","rs17300539","rs17782313","rs4994","rs1801260"
"P0405","F",0.386598607137539,-0.315394372043145,-1.2084676003852,0.0463983050592411,NA,NA,NA,1.10728484414644,0.588166297152101,"2","0","2","1",1,1,"1",2,2,"2","1",1,"1",1,"1",2,2
"P0414","F",0.535892412480194,0.306351266149614,-0.279570361760009,0.0742410762833443,NA,NA,NA,1.5025741249764,0.233343244411272,"2","2","1","0",0,0,"1",1,2,"2","1",1,"1",1,"0",2,1
"P0415","F",-0.686589803976066,-1.01443564410527,-0.784164810230894,-1.26190753825547,0.209542327339614,-0.0171401221946481,-0.931140898228028,1.21293636297084,-0.959168935656614,"1","2","1","2",2,2,"0",0,2,"2","0",0,"0",2,"2",2,2
"P0418","F",2.35226180280067,1.90119644513975,-1.54627220450038,2.2098336566377,-1.45659497439812,-0.791485953206636,-0.666458497994837,-1.26302118412389,NA,"2","2","1","1",1,2,"1",2,2,"2","1",1,"1",1,"2",2,1
"P0419","F",-0.164849014962648,0.0498872136975388,0.461553381128712,-0.379262108916683,1.80843117815213,-1.46700726297906,-1.42878692584768,-0.549602879171242,-0.586832256086442,"2","1","2","1",1,1,"1",2,2,"2","1",1,"1",2,"1",2,0
"P0420","M",0.845649123232732,1.18467086087395,0.818335396115743,1.21038512321322,-0.582594995576803,-0.242780948187444,-1.25246728254105,-1.16570344525391,0.956852677495432,"2","1","2","2",2,1,"1",2,2,"2","1",1,"1",2,"1",1,2
"P0423","F",-0.106309968074628,-0.499391792221844,-0.702676113595234,-0.120109027287976,1.3456257699322,0.958798478398961,-1.08526188295683,-0.509818194709862,0.212737120159026,"2","2","2","1",1,2,"1",1,2,"2","1",1,"1",2,"2",2,1
"P0426","F",-0.839033993076266,-1.53205605362966,-1.56333241296511,-1.04236190676152,0.510132687513105,0.554847905289198,-0.202803443004672,-0.573831121101259,-0.355555113644694,"1","1","1","2",2,2,"2",1,2,"2","2",2,"2",2,"2",2,1
"P0427","F",-0.833681606370291,-0.905443848962591,-0.353819450299747,-0.99759235867061,0.020803394851032,0.107273577188544,-1.70978386956283,1.12693562573856,-0.880546583662927,"2","1","2","2",2,1,"1",2,2,"2","1",1,"1",2,"1",1,2
"P0428","F",-0.54420856974918,-0.553615012971454,-0.10577409142394,-0.305608578731153,0.607425658525682,1.31411777516645,-0.889694432653975,0.608170270867396,-0.24387366671755,"1","2","1","2",2,2,"0",1,2,"2","0",0,"0",2,"2",2,2
"P0429","F",-1.01084193666223,-1.78081349017089,-1.79814739216823,-1.75416702551827,0.897795459460827,-0.306921607777292,-0.959843818807619,0.175674429538227,-0.987500730671679,"2","1","2","1",1,2,"1",2,1,"2","1",1,"1",1,"2",2,2
"P0432","F",1.84084889951868,1.56408836991347,-0.740657611135608,1.36989544237013,-0.188324339375464,-1.2172106736525,0.398571773314271,-0.598790624872566,1.65121339620526,"2","1","2","2",2,0,"1",1,2,"2","1",1,"1",2,"0",2,2
"P0433","F",-0.695136571268904,-0.620743331231614,-0.00647629339105847,-0.71364753974131,0.632636640045899,1.2177707417805,-0.655518013779534,-0.481243116622192,-0.735328494468218,"2","2","2","2",2,1,"1",1,2,"2","1",1,"1",2,"1",1,0
"P0434","F",1.5801392660451,1.35970045817604,-0.476478560107764,1.37579720167402,1.04807118916763,1.72023500822894,-0.819372468983173,0.153544663964115,1.57030070044101,"2","1","1","1",1,2,"0",1,2,"2","0",0,"0",2,"2",2,2
"P0435","F",-1.29273548404456,-1.14723748568865,-0.174036244791419,-1.09762611977736,1.39895750653975,-0.147173901815888,-1.50412481069733,-1.06118556529215,-1.08009249666907,"1","0","1","1",1,1,"1",0,2,"2","1",1,"1",2,"1",2,1
"P0438","F",0.569184249591352,0.452708411506959,-0.0586690259057193,0.176213567045606,-0.645393523798251,0.156431824540501,-0.310520532027478,0.497051275499267,0.245807150392521,"2","1","2","1",1,2,"2",2,2,"2","2",2,"2",2,"2",1,2
"P0439","F",-0.718831089109775,-0.647082857101041,-0.0221180016710907,-1.1739727249061,-0.837183151412897,-0.455963480717079,-0.34962431492633,-1.045868193478,-1.24208476731046,"2","1","1","2",2,2,"2",2,2,"2","2",2,"2",2,"2",2,1
"P0441","F",-0.438591671731681,-0.29532182549758,0.231652710735275,-0.275607779872183,1.10373169234353,1.33447828064699,-1.40307131532889,-0.983509184632942,-0.365245203258286,"2","2","2","1",1,2,"1",2,2,"1","1",1,"1",2,"2",1,2
"P0442","F",-0.408449427313644,-0.651938697908125,-0.508616510203508,-0.91410270390497,0.594964471653896,0.714093235275104,0.788019768332926,-0.612617446420505,-0.714349046255424,"1","2","2","1",1,2,"1",2,2,"2","1",1,"1",2,"2",2,0
"P0443","F",1.00360294898936,-0.0534111207499325,-1.91382867679066,0.957621058164419,1.45659497439812,1.83511105843668,-0.431643443535014,1.84055768243377,1.6741479195263,"2","2","2","0",0,2,"2",2,2,"2","2",2,"2",2,"2",2,2
"P0444","F",0.300558154226535,-0.253721559202383,-0.931794110569405,0.46551891177799,0.710848014582047,0.866573145831981,-0.442638502686036,-0.306822746005502,0.88608184794834,"2","1","1","2",2,1,"2",2,2,"2","2",2,"2",1,"1",2,1
"P0445","F",-0.104673950856204,-0.392576501553878,-0.497897392065903,0.241686185465604,-0.156652566069307,0.111639209922271,-0.350881361349903,-0.224153691751607,0.495142147784737,"2","2","2","2",2,1,"1",1,2,"2","1",1,"1",2,"1",2,1
"P0448","F",-0.122509458437456,-0.160283477254842,-0.0169025668900513,0.0183875535247694,0.779501002451717,0.872823045755701,-0.0578549978657808,-0.311898963169399,0.0621992282358665,"2","2","2","0",0,0,"2",2,2,"2","2",2,"2",2,"0",2,1
"P0449","F",-0.616874917017431,-1.19576329551127,-1.2419601653973,-1.5241294011258,0.188324339375464,-0.352391800012184,-0.0666804850155766,-1.90944988758384,-1.01717135398854,"2","1","2","2",2,2,"2",1,2,"2","2",2,"2",2,"2",2,1
"P0451","F",0.426909025987513,0.0444675298330548,-0.583832175794984,1.00294692231983,-0.273807753077785,0.257947902626273,1.08647065248939,-0.00493046101929166,1.2663683010014,"1","1","1","1",1,2,"1",2,2,"1","1",1,"1",2,"2",2,2
"P0452","F",2.12662845350739,1.97446594201572,-0.72979745720915,1.79855816792188,-0.1356269711442,-0.835407246998239,1.01289806478328,0.0934270346150256,2.01368476672763,"2","2","2","0",0,1,"1",2,1,"2","1",1,"1",1,"1",2,1
"P0453","F",-1.37979583275505,-1.18093315393786,-0.121503606513699,-1.40474755938867,-0.632636640045898,-0.0325912295920147,2.32663464479466,-0.430836254975837,-1.45213368968603,"2","2","1","1",1,1,"1",1,2,"2","1",1,"1",2,"1",2,2
"P0454","F",-2.29966228471044,-1.65962850513526,0.107810231847384,-2.09762040516442,0.79367288044056,0.866213814459332,0.00955066200971808,-0.13052962875915,-2.37235434704188,"2","1","2","1",1,2,"1",2,2,"2","1",1,"1",2,"2",2,1
"P0456","F",0.400907525843282,-0.273164541963656,-1.1527867456198,0.526969816304524,-0.295470015211747,-0.839257441774301,-0.827421214434152,-0.480594864251635,1.02730734811056,"2","1","2","2",2,2,"0",2,1,"2","0",0,"0",2,"2",2,1
"P0457","M",0.0135698777569554,0.637796540410651,1.30414193607895,0.260765966942445,-0.220186203384693,0.452533151231495,0.804139640340839,-0.111316234250882,-0.25978891741663,"2","0","1","2",2,1,"2",0,2,"2","2",2,"2",2,"1",2,1
"P0459","F",0.518297055622903,0.281014992690841,-0.29545474949576,0.199428452428373,0.619981890766118,0.579041352253283,-0.291689674087235,-0.985580020671872,0.369004195932626,"2","1","2","2",2,2,"2",2,2,"2","2",2,"2",2,"2",2,2
"P0461","F",-2.30242414954513,-2.27301120210782,-1.08066184011009,-2.59663426996007,0.32822891179465,0.201224262359276,-0.424168717057369,-0.724098957872756,-2.28226288933893,"1","1","1","1",1,2,"2",2,2,"2","2",2,"2",2,"2",2,1
"P0462","F",-1.58176720451043,-1.16087214474345,0.185313000542992,-1.24627912153635,2.18286649373736,0.713902432092006,0.771692796330561,-0.108221607476927,-1.4301915000031,"2","1","2","1",1,2,"2",1,2,"2","2",2,"2",2,"2",2,2
"P0464","F",2.75088069159575,NA,-0.524707337101139,NA,-1.37180393704199,-1.62658338822409,-0.402471486336946,-1.59274348927468,NA,"2","2","2","0",0,2,"2",2,2,"2","2",2,"2",1,"2",2,1
"P0465","F",0.707623706289886,0.295703452777822,-0.632353992810804,0.283556932564899,0.961900504644394,1.30253706286479,0.10552068576618,-1.13188425624693,0.591352794283412,"2","2","2","2",2,0,"2",2,2,"1","2",2,"2",2,"0",1,1
"P0467","F",-1.63288561141138,-1.93838540285677,-1.258730181859,-2.00065759676187,-0.737890630787772,-0.703961024868841,0.631913707484732,-1.60019377276202,-1.52606129144164,"2","1","2","2",2,2,"1",0,2,"2","1",1,"1",2,"2",2,1
"P0468","F",-0.221662768213668,-0.492013823990904,-0.497897392065903,-0.279882057121768,-0.417451013933675,0.452194275139393,0.0976238595187434,-0.72142654232903,-0.0414335498083629,"2","2","2","1",1,0,"1",1,2,"2","1",1,"1",2,"1",2,1
"P0469","F",0.143996120306678,-0.312687155655709,-0.767837108329383,0.279766339507764,0.737890630787772,0.870449889466634,0.0786232599860823,-0.90794547964183,0.641618927095229,"2","1","1","2",2,1,"1",1,2,"2","1",1,"1",2,"2",2,2
"P0470","F",1.56463863249519,0.888481441373399,-1.3540607858153,0.858862456602221,-1.14282313042287,-0.23534844390855,-0.716100762155303,1.21713360157992,1.4028170449286,"2","1","2","2",2,1,"2",1,2,"2","2",2,"2",1,"1",2,1
"P0473","F",-0.629891800249506,-0.637317447953198,-0.137247076032416,-0.370537934857354,-0.406129701979744,-0.033756744226208,0.287875730721072,1.47214616960929,-0.299446073147551,"2","1","2","1",1,1,"1",1,2,"2","1",1,"1",2,"1",2,2
"P0474","F",-0.781806844409289,-1.69297951168774,-1.96031316377442,-1.35138026027511,-0.0520281992731268,-1.04843526329506,0.122915141929599,-0.0551801441179586,-0.490007135477865,"2","1","1","1",1,2,"0",1,1,"2","0",0,"0",1,"2",2,2
"P0476","F",-0.218265476001047,-0.414992573494881,-0.353819450299747,-0.124245064342709,0.273807753077785,0.652077041913081,0.152422961770802,1.36524451497876,0.0585356157700069,"2","2","2","1",1,2,"1",1,2,"2","1",1,"1",2,"2",2,1
"P0477","F",1.14498317945126,0.500200651580037,-1.14167150869663,1.25007493186859,0.522015194901745,0.554686706775218,-0.350821179136483,-0.212860905116296,1.67591551475349,"2","2","1","1",1,2,"1",2,2,"2","1",1,"1",2,"2",2,0
"P0479","F",0.645042457035173,-0.0610278345243972,-1.20289164657123,0.805258422420833,-0.383640641372556,0.273514861330802,0.453388696102041,0.260633295044208,1.30226172690739,"2","2","2","2",2,2,"2",2,2,"2","2",2,"2",1,"2",0,2
"P0480","F",0.275944622055567,0.338202477283685,0.262478762125271,0.0742410762833443,1.14282313042287,0.227315802848204,-0.524901272582335,0.633031732386612,-0.000222755471004414,"2","1","2","2",2,2,"1",2,2,"2","1",1,"1",2,"2",2,2
"P0483","F",-1.89312060018933,-1.94621038119398,-0.942778625502343,-2.29056127921139,1.58912047949351,-0.669091427526535,-1.27782336130391,-1.517881186948,-2.01498223417937,"2","2","2","2",2,2,"1",2,2,"2","1",1,"1",2,"2",2,1
"P0490","F",-2.39083185148134,-1.65893627489836,0.216219581763019,-2.14676110362257,-0.451745574395298,-0.381744866860588,-0.0528280300047219,-1.15229961814151,-2.49049414446513,"2","2","2","1",1,2,"1",2,2,"2","1",1,"1",2,"2",2,2
"P0491","F",-1.07343700677518,-1.0858458671557,-0.359134862904607,-1.32490251262847,0.383640641372556,-0.651658165073774,-1.06599720572137,-0.392276263285755,-1.24081260810263,"2","1","2","2",2,2,"1",2,2,"2","1",1,"1",2,"2",2,2
"P0494","F",-0.150865467267131,-0.308822484636211,-0.258413270761768,-0.418718296049256,-0.671228950037917,-0.754715213100396,0.0174174300770372,-1.21456983059492,-0.296022637321828,"2","2","2","2",2,2,"0",1,2,"2","0",0,"0",2,"2",2,2
"P0502","F",-0.587361998280904,-1.0497361956581,-1.00331529493267,-0.653216852370887,-0.0624462446608918,-0.0570721952728744,0.591727230514672,0.28129099645828,-0.206527119388249,"2","2","1","2",2,2,"1",1,2,"2","1",1,"1",2,"2",2,2
"P0505","F",-0.0322249566314389,-0.638424530056777,-1.09728005026396,-0.279882057121768,-1.48732323542371,-1.75098408676897,-1.05782334529451,-0.0890615362452849,0.217877211179101,"2","0","2","2",2,2,"1",2,2,"2","1",1,"1",1,"2",2,1
"P0506","F",-0.214127171801127,-0.107489592691761,0.236794105920325,-0.653216852370887,-0.697520398122158,-1.53122394269218,0.0659809312884712,-1.13188425624693,-0.785285931873213,"1","1","2","1",1,2,"1",1,1,"2","1",1,"1",1,"2",2,1
"P0507","F",-1.42052427253741,-1.71132185078973,-1.09728005026396,-1.11787302510932,-0.230855084109714,0.196560413297907,-0.575249470340057,0.068647908143293,-0.652549804106914,"1","1","1","0",0,2,"1",2,2,"2","1",1,"1",2,"2",1,0
"P0509","F",-0.863596592302498,-0.900677519148266,-0.300752706524702,-1.07243097821728,0.167190807699927,0.0151747655915176,0.31764773748875,-0.494219164585029,-0.989237036965064,"1","1","2","1",1,1,"2",1,2,"1","2",2,"2",2,"1",2,2
"P0510","F",-0.292733201718431,-0.740875088391041,-0.866029422178147,-0.987697511180082,-0.498321776527057,-0.115362193320947,-1.23287727381372,-0.896330731744698,-0.623427427101706,"2","2","1","2",2,1,"1",1,1,"2","1",1,"1",2,"1",2,1
"P0514","F",-1.65264756404349,-1.80308304661331,-0.970269696174079,-1.45325400281074,0.463294165974586,0.00170624260208448,0.0298256319334265,-0.123706700334548,-1.07537419169806,"2","2","2","0",0,2,"1",2,2,"2","1",1,"1",2,"2",2,1
"P0515","F",1.96826185417941,2.09928936628904,-0.0429950820361843,2.11282978637388,0.10419771391158,-0.885177020069948,-0.332714667184591,-0.473467557299732,2.0758044071277,"1","2","2","2",2,2,"1",2,2,"2","1",1,"1",1,"2",2,1
"P0516","F",2.32669029383749,1.87221145962593,-1.52355074221472,NA,-0.209542327339614,0.916747421842992,1.34344370608903,-0.0306287561257127,NA,"2","1","2","2",2,2,"0",2,2,"2","0",0,"0",2,"2",2,2
"P0517","F",1.75811094898279,1.29535192361213,-1.04747203290086,0.207140724770078,-0.945510446209026,-0.646591616414219,1.0288012168166,1.1040936865746,0.681060027515376,"2","1","1","2",2,1,"1",0,2,"2","1",1,"1",2,"1",2,1
"P0518","F",-1.05307987620319,-0.892183790447293,-0.0116886644300861,-1.1688470582042,-1.01270033145922,-0.760155205135026,-0.0750903944311844,-1.47814074486256,-1.24158165047494,"1","1","2","1",1,0,"2",1,2,"2","2",2,"2",2,"0",2,1
"P0519","F",-1.47589269526042,-0.957388007059757,0.441237943809393,-0.81763574566116,NA,NA,0.177360007651792,-0.443730909116544,-1.07094763885391,"1","1","2","2",2,2,"2",2,1,"2","2",2,"2",2,"2",1,2
"P0520","F",0.620418346247077,0.0624290491105068,-0.915330076143033,0.730462733868856,-0.125137194506333,-0.78099616237478,-1.03295133059714,0.494755714550775,1.13088990264571,"2","2","2","1",1,0,"1",1,2,"0","1",1,"1",2,"0",1,2
"P0522","F",0.0854602605708067,0.241518157110733,0.410721114747378,-0.0178757832229371,-0.607425658525682,-0.338534320320847,-1.3133029016088,-0.829024191311098,-0.165344766306011,"2","1","2","2",2,2,"1",2,2,"2","1",1,"1",2,"2",2,2
"P0523","M",-1.65603218461662,-0.589896483300188,1.39105914080563,-0.765367825239303,-0.533971870622969,-1.86699092471899,-0.791858503717825,-0.68610086448458,-1.49281541521499,"2","2","2","0",0,0,"2",2,2,"2","2",2,"2",2,"0",2,2
"P0524","F",1.30242243739337,1.1542984906016,-0.221448947613386,0.944582762261749,-1.92730276908461,-0.274152348262566,-0.047216481882625,0.196551918505479,1.08090882401656,"2","1","1","2",2,2,"0",0,2,"2","0",0,"0",2,"2",2,2
"P0528","F",-0.572270634925173,-0.455235188654017,0.128510754969897,-0.445203407490771,0.88233927969604,0.618856471007442,-0.8641926746972,1.17664368285749,-0.503358939353853,"1","2","2","1",1,1,"1",2,2,"2","1",1,"1",2,"1",2,2
"P0536","F",0.810911399333444,0.0388624154092541,-1.33720048307789,0.476424585286442,1.2491280101292,1.85651722567273,0.654946807768363,2.36961729197415,1.04820065328331,"2","0","1","1",1,1,"1",1,2,"2","1",1,"1",1,"1",2,2
"P0537","F",0.0790674639691384,0.585425458887852,1.08986807490333,0.145076878800464,-1.32033860534373,-0.7478297280854,0.932191264326303,-0.142328378302733,-0.2922794973748,"2","0","2","2",2,0,"0",1,2,"2","0",0,"0",2,"0",2,1
"P0538","F",-0.877120132100856,-1.04269959192084,-0.556932826883923,-0.972891741228983,-1.66739602053208,-1.34707650960603,0.115289465829834,-0.290347202879752,-0.755092443219604,"2","1","0","1",1,2,"1",1,2,"2","1",1,"1",2,"2",2,1
"P0539","F",-2.60746548923789,-1.62969899561765,0.522360524187315,-1.49675516645002,0.394860208013005,-0.410920921178948,0.0125826663100707,-1.00216601099871,-1.89737880598937,"2","1","2","2",2,2,"1",2,2,"1","1",1,"1",2,"2",2,1
"P0540","F",-1.25333471086005,-1.51517267130842,-0.942778625502343,-1.61829071117832,1.75746739711425,-0.16181183427693,-0.852308554351568,1.02712236775811,-1.26948153328977,"2","0","2","1",1,2,"1",1,2,"2","1",1,"1",2,"2",2,0
"P0541","F",-2.56637211452343,-2.11973439223157,-0.476478560107764,-1.56822939983929,-0.361343975404039,-0.0148647356839643,-1.73444080676753,-1.91487454010583,-1.45284277517763,"2","1","2","2",2,2,"1",2,2,"2","1",1,"1",2,"2",2,2
"P0542","M",-1.14364565985437,-0.933629961327334,0.0351676515214835,-1.12294743044831,0.978553125166181,0.184976026503171,-0.863866555862044,0.0158127588322843,-1.21345709744218,"2","1","2","2",2,1,"1",2,2,"2","1",1,"1",2,"1",2,0
"P0544","F",-0.895764663469085,-1.07882967070476,-0.599991378265078,-1.1739727249061,1.92730276908461,1.19968185329881,-1.09083732203316,-0.871790197908271,-0.953684816408856,"2","2","1","2",2,1,"1",1,2,"2","1",1,"1",2,"2",2,1
"P0546","F",-0.00724006738257102,-0.0577967969549662,-0.0116886644300861,0.0702737594874795,1.51952378634017,0.959608363125644,-1.13669140286119,1.91013468411726,0.114713105146086,"2","1","1","1",1,1,"1",0,2,"2","1",1,"1",2,"1",2,1
"P0547","F",0.829792000298486,0.627422700502124,-0.232002328519815,1.01259777517333,1.32033860534373,0.369208540934665,0.432352679987725,0.372723446686055,1.14985443884522,"2","1","2","1",1,1,"2",1,2,"2","2",2,"2",2,"1",2,2
"P0549","F",-0.550930155240004,-0.738752466781528,-0.455085548593851,-1.15861120899952,-0.0312079065902201,0.385446028672067,-0.393531425167354,0.12714842898701,-1.00825499463188,"2","1","2","2",2,1,"1",2,2,"2","1",1,"1",2,"1",2,2
"P0550","F",-0.163651493758599,-0.168580111910347,0.0351676515214835,0.090076445200422,-0.241550307564399,0.658531291225922,-0.817969658330134,-0.10945931439675,0.115398056061288,"2","1","1","2",2,2,"2",1,2,"2","2",2,"2",2,"2",2,1
"P0553","M",0.165334650526746,0.38634091517538,0.552686140286077,0.0424070922638568,-0.852041837985022,-0.516220657015116,1.48912018566763,-0.841897868933899,-0.163224455220943,"1","1","2","2",2,2,"1",2,2,"2","1",1,"1",2,"2",2,2
"P0555","F",-0.796386476788865,-0.959614711427607,-0.51397849823153,-0.598089002475339,1.66739602053208,0.827772006038259,-0.324799333971551,0.411674664274647,-0.371087352513058,"2","2","2","1",1,2,"1",1,2,"1","1",1,"1",2,"2",2,2
"P0560","F",-0.598736250105629,-0.27335619599732,0.522360524187315,-0.396758193310507,-0.822507039759885,-1.20521813746851,0.635750960651608,0.577552730848441,-0.635166004487157,"2","1","2","2",2,2,"1",1,2,"2","1",1,"1",2,"2",1,2
"P0561","F",0.303587364938383,-0.450915972270575,-1.32035618378596,-0.220389147321385,-0.0833038255683109,-0.108833363261157,0.206865362336023,-0.0884442325355724,0.371075037256814,"2","1","2","1",1,2,"2",1,2,"2","2",2,"2",2,"2",2,2
"P0565","F",-2.04806190866252,-1.28282031123481,0.537529810014221,-1.10268025532193,2.49917925320797,1.68413182907449,0.223103885765507,0.547958250780821,-1.44683811378553,"2","1","2","1",1,2,"1",2,2,"2","1",1,"1",2,"2",2,2
"P0568","F",-0.0352154665931459,-0.64673620875699,-1.10836750885985,-0.124245064342709,0.72430311007925,1.67398317048048,-0.595257838158563,-2.04854406290501,0.37881660458445,"2","1","1","2",2,0,"1",2,2,"2","1",1,"1",1,"0",2,1
"P0573","F",-1.56446497556546,-1.95894307571394,-1.38782952346322,-1.88186091879684,1.62701251494598,2.03317969380885,1.01970851615053,-0.936026943618352,-1.33014222048597,"2","1","2","0",0,1,"1",0,2,"2","1",1,"1",2,"1",2,2
"P0576","F",-1.00088290074684,-0.829845129612176,0.0351676515214835,-0.136675033298868,-0.440256921530147,0.0647585396901811,0.106631220593015,-1.73473850211194,-0.125822553389819,"2","0","2","2",2,2,"2",2,2,"2","2",2,"2",1,"2",2,1
"P0579","F",-0.73502782567936,-1.29319103491279,-1.25313841534774,-0.436358844584823,0.0937456539644742,-0.0465218762706386,-0.268786138584821,0.308360420876733,0.126272100906404,"2","2","2","1",1,2,"0",1,2,"2","0",0,"0",2,"2",2,2
"P0580","F",0.328390361917108,-0.957016995161992,-2.34852838025393,-0.427530490307477,1.86457739450119,2.20642191996004,-1.74904991474939,-0.486431016319858,0.589979840370783,"2","2","2","1",1,1,"1",2,2,"2","1",1,"1",2,"1",2,2
"P0585","M",-0.11755493451357,0.385898531779506,1.03589289956504,0.0424070922638568,0.241550307564399,-0.139510453079779,0.763609521204998,0.0504681963078839,-0.382722074958275,"2","2","2","0",0,2,"0",0,2,"2","0",0,"0",1,"2",2,1
"P0586","F",-0.630372917915129,-0.998758762500074,-0.838699235741422,-0.953218521714402,0.582594995576803,0.488886256552024,0.959769553393213,-1.52304717787831,-0.59946121494044,"2","0","1","1",1,2,"1",1,2,"2","1",1,"1",2,"2",2,2
"P0588","M",-0.436535894434896,-0.0998565854597265,0.608148866020674,-0.0503481986638485,-1.04807118916763,-0.690689428451324,1.21774815446927,0.535404548373483,-0.290074278629974,"2","2","0","1",1,2,"2",2,2,"2","2",2,"2",2,"2",2,2
"P0589","F",-0.754270970362981,-0.858729007476258,-0.380412448632479,-0.708972526574961,-0.619981890766119,-0.322789383573696,0.375296795148004,0.379131422032992,-0.552525208956491,"2","2","2","2",2,2,"2",2,2,"2","2",2,"2",2,"2",2,2
"P0594","F",-0.421514881804978,-0.922864864808784,-1.01434418314055,-0.66709645665902,0.220186203384693,0.864538683108291,-0.770225940149499,-2.57632447795557,-0.216023537143691,"2","1","2","1",1,2,"1",2,2,"2","1",1,"1",1,"2",2,1
"P0595","F",-0.253936496227338,-0.722652693037988,-0.893401763724652,-0.250042460642354,0.837183151412897,0.219589763369822,-0.10154154931141,1.12109853006925,0.161251779143348,"2","1","2","1",1,0,"2",1,2,"2","2",2,"2",2,"0",2,2
"P0598","F",-0.487093839956517,-1.05845238670095,-1.1750381272343,-1.10268025532193,-1.3456257699322,-2.29632025187504,-1.51968693143862,-2.41876701111444,-0.599548550418326,"2","1","2","1",1,2,"1",1,2,"2","1",1,"1",2,"2",2,1
"P0602","M",0.157372322727824,0.678331764966075,1.13390779990102,0.498156716053411,NA,NA,NA,0.609867822082599,0.0793756103332382,"2","2","1","2",2,1,"1",1,2,"2","1",1,"1",2,"1",1,1
"P0606","M",-0.643157426435994,-0.212307594286936,0.708548224419465,-0.379262108916683,0.350263335115254,0.899283132956135,0.0582119732190257,0.627952700582886,-0.704223797082293,"2","2","2","1",1,2,"1",1,2,"2","1",1,"1",2,"2",2,2
"P0608","F",1.03897692115092,0.353989498271641,-1.19731744420498,0.601730980576826,-0.486579976077059,-0.633013454373531,0.0594080908825685,0.266540928855894,1.11343280996539,"2","2","2","1",1,1,"2",1,1,"2","2",2,"2",2,"1",2,2
"P0612","F",0.408131397912822,0.0238019168262521,-0.58921694187632,0.168449129101395,0.697520398122158,0.569431561508709,-0.857408517337527,0.19476454776262,0.458579419392041,"1","2","2","1",1,2,"0",2,2,"2","0",0,"0",2,"2",2,1
"P0613","F",-0.293443948911025,-0.13945247188649,0.303497045605625,-0.865635301499881,0.945510446209026,0.0979752281778404,-0.771558467737325,-0.84664601751667,-1.05692068443939,"0","1","2","2",2,2,"0",1,2,"2","0",0,"0",1,"2",2,1
"P0614","F",-0.198862942855611,-0.550355624897143,-0.648557458699188,0.0583513939311297,-0.522015194901746,-0.094016123113938,-0.114737765846059,-0.505915592057622,0.371763606233231,"2","0","2","1",1,0,"0",2,2,"2","0",0,"0",2,"0",2,1
"P0615","M",-0.37532336923022,-0.471685556396201,-0.210901838926046,-0.182534129931251,-1.2721509198879,-0.783255070184214,0.520294571984875,1.27358229622146,-0.0654842678099669,"2","2","2","0",0,1,"2",2,2,"2","2",2,"2",2,"1",2,2
"P0618","F",-0.882497065340563,-0.82530116526481,-0.126749877972113,-0.607233870227535,0.533971870622969,0.794990281148702,1.57960621480268,0.147553146247014,-0.561150597313697,"2","0","1","2",2,1,"1",0,1,"2","1",1,"1",1,"1",2,2
"P0620","F",-0.703406943604721,-0.539033756699305,0.164678668727669,-0.643985592708013,-0.0728710722903356,-0.314104023468287,0.280999019621356,0.0407554689766295,-0.740261024856192,"2","1","2","2",2,1,"2",1,1,"1","2",2,"2",2,"1",2,2
"P0621","F",-1.98230527674669,-1.64278520188616,-0.242561989109646,-1.86426667005367,-1.18374372981122,-0.584470931790242,-0.294083816785081,0.881325540767942,-1.91109553655629,"2","2","1","2",2,2,"2",1,2,"1","2",2,"2",2,"2",2,2
"P0622","M",0.114636397912702,0.264973303303778,0.405629870661147,0.275972591712042,-0.897795459460827,-2.02839076284412,-0.152196896544396,-0.0349198248163807,0.153227684982766,"2","1","2","2",2,2,"1",1,1,"2","1",1,"1",2,"2",2,2
"P0630","F",0.0335866772991034,-0.0380336484301184,-0.0429950820361843,0.384725959989936,2.86657657755354,NA,1.70209044203438,2.48060006613029,0.454950065875273,"2","0","1","1",1,1,"2",2,1,"2","1",2,"2",2,"1",2,2
"P0633","F",-1.5997686099713,-1.91911036749318,-1.26432371087441,-1.75416702551827,0.47490488170195,0.492954217635516,0.686131991861957,-0.418605512089324,-1.25454887719606,"2","2","2","2",2,1,"2",0,1,"1","2",2,"2",1,"1",1,1
"P0637","F",-0.463985356607813,-0.0445916137872165,0.758535698765979,0.207140724770078,0.852041837985022,0.516322320167253,0.301127389034319,0.787799986817975,-0.0748128242842767,"2","0","2","1",1,1,"1",2,2,"2","1",1,"1",2,"1",1,2
"P0640","F",1.41758539450143,0.380808041096235,-1.98942792196192,0.99004531057688,-0.167190807699927,0.428569607381138,2.22838041562599,-2.11662143068405,1.72546318916953,"2","1","2","2",2,2,"2",1,2,"2","2",2,"2",2,"2",2,1
"P0643","F",-0.0211817565307711,-0.372815574911056,-0.599991378265078,0.343780857681425,NA,NA,NA,-1.60765098610192,0.638300315712523,"1","2","1","1",1,0,"1",0,2,"1","1",2,"0",0,"1",2,2
"P0649","F",0.553906910510029,-0.442886445605635,-1.76934451410659,0.555598339123148,-1.29586863469905,-0.837854281500817,0.873656056349634,-1.23448493943018,1.2761584835644,"2","2","2","1",1,2,"2",2,2,"2","2",2,"2",2,"2",2,2
"P0650","F",-0.527719939787485,-1.10810961499036,-1.2084676003852,-1.62388272055316,-0.751615768740422,-1.04043291050166,-2.75816288457238,1.32032115469513,-1.141522728543,"2","2","0","1",1,2,"1",1,2,"2","1",1,"1",2,"2",2,2
"P0651","M",-1.69282974970803,-1.10059973434041,0.446318983875793,-1.83507131698849,-0.0416157978947769,0.824780363317924,NA,-0.400758993139876,-2.25285179082314,"2","0","1","1",1,2,"0",2,2,"1","0",0,"0",2,"2",2,2
"P0656","F",1.79064309843057,1.83414919151674,-0.0848230688191715,2.29510143444332,-1.71069771654512,-0.945753506100939,-0.469277488006441,-0.0644063327344767,2.23746061006218,"2","1","1","0",0,1,"2",2,2,"2","2",2,"2",2,"1",1,2
"P0660","F",0.583397745390026,0.0539328938567891,-0.860560016639147,0.0384124465056539,NA,2.21423519174858,-0.0368222301787749,1.06884847785387,0.439169347538465,"2","2","2","0",0,1,"2",2,2,"2","2",2,"2",2,"1",1,2
"P0662","F",-0.426653591084013,-1.23013520585904,-1.60320346277719,-0.865635301499881,-0.88233927969604,-0.9764002809094,-0.450805566339975,1.33532359511604,-0.156157916356938,"2","1","2","2",2,2,"2",2,2,"2","2",2,"2",2,"2",2,1
"P0663","F",0.0353869364150218,-0.182775433110944,-0.327266242562425,-0.458500749862479,0.252273233806547,-0.229942842233065,0.208754179052021,-0.505915592057622,-0.307276426485784,"2","1","1","1",1,2,"1",0,2,"2","1",1,"1",2,"2",2,2
"P0664","F",1.68711106344542,1.28732368979403,-0.882447760170893,1.8697115178001,-0.658256314557858,-1.04291035109798,-0.620987447193745,1.16978750246551,2.11591182309805,"2","0","2","2",2,0,"2",2,2,"2","2",2,"2",2,"1",2,2
"P0666","F",0.309363340387163,-0.251177786939548,-0.942778625502343,-0.0871511250135992,1.18374372981122,1.12078195286519,-1.027561758638,-0.0294031585451592,0.347187178096439,"2","2","2","2",2,2,"0",1,2,"2","0",0,"0",2,"2",2,2
"P0673","F",1.80621390742192,2.11794923186574,0.425986089001106,2.11528464857503,-0.594964471653896,-0.540873461657277,0.421518283865522,-0.0527216201619988,1.94032703210822,"2","2","2","1",1,2,"0",2,2,"2","0",0,"0",2,"2",2,1
"P0680","F",-0.743157340833209,-0.924485380270238,-0.524707337101139,-0.498613914028738,0.684315544017795,-0.900995163508063,1.24987779917134,-0.0226657154636158,-0.260232138205682,"1","1","2","1",1,2,"1",2,2,"2","1",1,"1",2,"2",2,2
"P0681","F",NA,NA,-2.10050169060885,-0.480744724733425,-0.198922138632581,-1.07213621226904,-0.645581593777456,0.224502154125003,0.438725163384231,"2","2","2","1",1,1,"2",1,2,"2","2",2,"2",2,"1",2,2
"P0683","M",-0.212664795774563,-0.0640170546750449,0.318854491765032,-0.462941354644708,-1.55338179208514,-0.76333255648255,-0.229630745529745,0.262302723488176,-0.61250530732406,"2","2","2","1",1,2,"1",2,2,"2","1",1,"1",2,"2",1,1
"P0685","M",-0.286405022546239,-0.0470228809923677,0.471702385156549,-0.107722700564713,-1.2491280101292,-0.880817663323689,1.22534470083097,0.350547316210962,-0.291071987424845,"2","2","2","0",0,1,"0",1,2,"2","0",0,"0",2,"1",2,0
"P0689","F",-1.9831499217159,-2.18363104753194,-1.29231783244952,-2.6572129304316,0.406129701979744,0.26407685082046,-2.63329621647791,-0.85908756312356,-2.23288955598299,"2","1","1","1",1,0,"0",1,2,"2","0",0,"0",2,"0",2,1
"P0690","F",0.206126572659581,-0.0706124548906134,-0.407045356991708,-0.00575662355988602,-0.428826087375718,0.145968528531709,0.641844417281827,0.0376281719424475,0.204671056235972,"2","0","2","1",1,1,"2",1,2,"2","2",2,"2",2,"1",2,1
"P0697","F",-0.87729257545391,-1.38393492260914,-1.21962476676115,-1.34077280027105,-2.08197888602747,-2.26298983595973,-0.600427042066213,0.998605561175361,-0.831475446600443,"2","0","2","2",2,1,"2",1,1,"2","2",2,"2",1,"1",2,0
"P0701","F",-0.300563177987704,-0.30759935343422,-0.0116886644300861,-0.186725315003535,-0.546005377638976,0.464400001878508,0.462938040058684,0.0509488827737359,-0.158567860301845,"2","1","2","2",2,2,"2",2,2,"2","2",2,"2",2,"2",2,1
"P0705","F",0.15609380432284,-0.383339734262659,-0.926304401748199,-0.662465550922014,0.822507039759885,0.488007092754341,-0.782252234189106,-1.49357196275538,-0.2509784799647,"2","1","2","2",2,1,"1",2,2,"2","1",1,"1",2,"2",2,1
"P0706","F",0.540638173828417,-0.0473876827045762,-0.975773024466182,0.381018947294178,2.08197888602747,2.26203850032389,0.843370193389546,1.47557577861165,0.82165739282352,"1","2","2","1",1,2,"1",2,2,"2","1",1,"1",2,"2",2,0
"P0707","F",1.53951475480299,0.848427390398553,-1.37093712243562,2.02341121213265,0.306352724139681,0.350001360763062,-1.40559375488063,1.67269018273948,2.369180562059,"1","2","1","1",1,1,"2",0,1,"2","2",2,"2",2,"1",2,2
"P0710","F",1.74657032754474,1.2886400170184,-1.03090037780015,0.941317025802755,-0.710848014582047,-1.0991103003797,-1.27088452596696,-0.542820934575579,1.36581386383978,"1","2","2","1",1,1,"0",1,2,"2","1",1,"0",2,"1",2,1
"P0717","F",-0.208389209011471,0.493994023075191,1.39587541491432,-0.471834837133154,0.198922138632582,0.52547532066729,0.554089026836928,-1.85889294289429,-1.14787909260702,"1","1","2","2",2,1,"0",1,2,"2","0",0,"0",2,"1",2,2
"P0719","F",0.142358032542313,0.064328124902819,-0.0325534718008171,0.237860652215386,-0.394860208013005,-0.240174325143074,0.263956731809473,0.109418615253164,0.298965050850897,"2","1","2","1",1,2,"1",1,2,"2","1",1,"1",1,"2",2,1
"P0721","F",-1.02545095896479,-1.31456502314084,-0.871500513919597,-1.49675516645002,-2.18286649373736,-1.06683427778877,-0.502738909027736,-1.12784735113238,-1.17229278735331,"2","2","2","1",1,1,"1",2,1,"2","1",1,"1",1,"1",2,2
"P0728","F",0.365287580184259,0.10714383970162,-0.348505629317011,-0.262807937335467,-0.32822891179465,0.38517072620167,0.0813802269056632,0.182952681719114,-0.0895007619653079,"1","0","1","1",1,2,"1",1,2,"2","1",1,"1",2,"2",2,1
"P0734","F",-1.02194903171069,-0.773332234000067,0.174998833710258,-0.79856526773645,1.22674881973321,-0.244139497542376,0.797024080782662,0.599805590138012,-0.91793015655659,"2","0","1","1",1,2,"1",2,2,"2","1",1,"1",2,"2",2,2
"P0736","F",1.80108729596155,1.06061497273778,-1.61461166411861,2.03595324443235,0.751615768740422,1.88241240397324,-0.495804450117976,-0.334468749149893,2.44142888689691,"2","2","2","0",0,0,"2",2,1,"2","2",2,"2",2,"1",2,1
"P0738","F",1.21296452653034,0.671115951782878,-0.959268156917229,1.05416903496138,0,0.385755204367636,-0.353963034824389,-0.47217236162833,1.4430713013709,"2","2","2","1",1,2,"2",2,2,"2","2",2,"2",2,"2",2,2
"P0741","F",0.706262702630755,0.308207865752009,-0.605381050558318,0.559164022770893,-0.0208033948510321,-0.423697797913329,-2.01823917527339,-0.160535614536408,0.852013358727471,"2","2","0","1",1,2,"2",0,2,"2","2",2,"2",2,"2",2,1
"P0744","F",0.270236013822194,0.0457187969414998,-0.29545474949576,0.241686185465604,0.498321776527057,-0.380469448481154,-1.39996749679633,1.31028691128279,0.412238358199394,"1","1","2","1",1,0,"0",2,2,"2","0",0,"0",2,"0",2,0
"P0752","F",0.248159942371409,0.157998541860227,-0.0377735089537495,0.566286843486644,0.867091064342285,0.880590016096912,2.16880143303096,0.574342306470773,0.637724969726477,"2","2","2","1",1,2,"1",2,2,"1","1",1,"1",2,"2",2,2
"P0758","F",-1.87174040294805,-1.58836292222832,-0.274278723822839,-1.35669219840472,-0.350263335115254,-0.291669406652035,-1.19338856884595,0.582839057438444,-1.31952000821742,"2","1","2","1",1,1,"2",1,2,"2","2",2,"2",2,"2",2,0
"P0767","F",-2.06047025600967,-1.77406500497598,-0.401715576766986,-1.82343784573598,1.55338179208514,0.676153696850239,-1.75317484370806,1.80842536426133,-1.7795250714933,"2","2","2","2",2,2,"2",2,2,"2","2",2,"2",2,"2",2,1
"P0768","F",-0.797465704114001,-0.979778611949925,-0.551557846478903,-0.918975463696278,0.361343975404039,1.10069441932214,0.459573725316584,-1.88426765855112,-0.69908989260402,"2","2","1","0",0,2,"1",2,2,"2","1",1,"1",2,"2",2,2
"P0770","F",-0.608958004694387,-0.939909015485304,-0.75696031366292,-0.0625837371209181,-0.114661169719709,1.37721470743085,0.039340995356418,0.125018716315589,0.29432247595419,"2","2","2","0",0,1,"0",0,2,"2","0",0,"0",2,"1",1,2
"P0772","F",0.933963213883626,0.30618244694452,-1.06959167257394,0.576949763967052,-1.86457739450119,-2.2221623026159,-0.643378350923453,0.244015326912304,1.04347987394221,"2","2","2","0",0,1,"2",0,2,"2","1",1,"2",2,"2",2,2
"P0774","F",-0.341044702962614,-0.735853144669079,-0.778720573579322,-0.414318243792196,1.20496770965185,1.15360817299315,0.505569365135651,-1.52507455979622,-0.0579502194019293,"2","2","2","2",2,1,"0",2,2,"1","0",0,"0",2,"1",2,1
"P0775","M",0.134852445191378,0.0387430829018032,-0.0691260180629269,0.180090872948889,-0.558118475249994,-0.0253885155300736,0.611629262844891,1.20201439788033,0.254265998324827,"2","2","2","1",1,1,"2",2,2,"2","2",2,"2",2,"1",2,2
"S0409",NA,NA,NA,NA,NA,-0.684315544017795,-0.269246878137907,-1.46970653646372,NA,NA,"2","0","2","0",0,2,"2",2,2,"2","2",2,"2",2,"2",2,1
"S0415","M",0.466453322685101,1.05923125873552,1.31382045245922,1.47198399616661,-1.9986784740835,-0.825922998755975,0.376286801107597,2.3135444115181,1.03670472722415,"2","2","2","2",2,2,"2",0,1,"2","2",2,"2",2,"2",2,2
"S0416","M",-0.553262005222436,0.162472323046235,1.29930069771109,-0.314215025587457,0.041615797894777,1.01066197468829,1.44160737521312,-1.62931621135369,-0.915666627376982,"2","2","1","1",1,2,"1",1,1,"2","1",1,"1",2,"2",2,2
"S0418","M",2.74770992826468,NA,0.123337887509118,NA,-1.42718363271383,-2.28053352243224,-3.01544180622804,-1.12766686980879,NA,"1","2","2","2",2,1,"2",2,2,"2","2",2,"2",2,"1",2,1
"S0420","F",0.0755316566185759,-1.41073476931063,-2.78195218700189,-0.561680202853391,0.317271837935359,0.657648160057142,-1.69269785288811,-1.4576118848004,0.637586681532892,"2","2","2","1",1,0,"0",2,2,"2","0",0,"0",2,"0",2,2
"S0423","M",1.82095050586806,NA,2.05757124645714,NA,0.570314024766081,0.460002556422643,1.20505982624883,1.7473299622407,2.15227012431477,"2","2","2","2",2,2,"2",2,2,"2","2",2,"2",2,"2",1,1
"S0427","M",1.59597485487439,1.93023529726975,0.593039850712165,2.26216613161826,-1.80843117815213,-0.338871456480345,-0.527820596366793,0.772845011310066,2.01816549769849,"2","2","1","2",2,2,"1",2,2,"2","1",1,"1",2,"2",2,1
"S0428","M",0.587775718667265,0.914809750383448,0.803404352657816,1.11734586526664,0.546005377638976,0.683238502838141,0.743464602233082,1.1682044732504,0.868419730420126,"2","1","1","1",1,1,"2",1,2,"2","2",2,"2",2,"1",2,0
"S0431","M",-0.0874752694241951,0.168217896922469,0.562783173857866,0.137259694652844,-1.10373169234353,-1.57319681996258,-0.22992487065519,-0.700079219212497,-0.0643935142763771,"2","2","2","1",1,2,"1",2,1,"2","1",1,"1",2,"2",1,2
"S0432","M",0.788055936269773,1.11967451409584,0.808382763111638,1.57441946760662,-1.20496770965185,-0.548357234341764,2.51765331062452,0.426739241828635,1.31961738956867,"2","1","2","1",1,1,"2",0,2,"2","2",2,"2",0,"1",2,2
"S0434","M",0.256033862227852,0.200122014587372,0.0299674995403236,0.629884095328046,1.16303998947356,1.20125869876464,-1.32724958818144,1.29283015447856,0.675113301044098,"2","2","2","2",2,1,"1",1,2,"2","1",1,"1",2,"1",2,1
"S0438","M",-0.454333907654762,0.254000812217775,1.32349369316262,-0.454064227838261,1.42718363271383,0.748460696640436,-0.713768778881858,-0.179701996522583,-1.090810541606,"2","1","2","2",2,0,"1",1,2,"2","1",1,"1",2,"0",2,2
"S0439","M",-0.357474646476721,-0.0406435623146687,0.598077618594272,0.183964909506234,-0.961900504644394,0.121045300969916,0.814807475002695,-0.6073472735341,-0.0292570101989676,"2","0","1","1",1,1,"2",1,2,"1","2",2,"2",2,"1",2,1
"S0443","M",0.82770244317603,1.01877569324096,0.53247482200488,1.41979535464117,NA,NA,NA,1.24645290433734,1.26721788132161,"2","1","1","2",2,1,"2",0,2,"2","2",2,"2",2,"1",2,2
"S0445","M",0.177024971554582,0.46685588082365,0.688513742420412,0.716725473681886,0.14613169322905,0.634792477841656,0.302470347021551,-0.0189931333757294,0.500531134336363,"2","2","2","1",1,1,"0",1,1,"2","0",0,"0",2,"0",2,2
"S0447","M",-0.273737976361184,0.154742128644146,0.84319258567951,-0.366181794130297,1.12306288338759,2.10994344296996,-0.169881380823931,-0.0896788897425829,-0.754000022506812,"2","2","2","1",1,1,"1",2,2,"2","1",1,"1",2,"2",2,2
"S0448","M",0.374069734762992,0.703265580706463,0.793443339928701,0.59466471686515,-0.263025246251961,-1.53975006665472,0.171550309598016,0.985118949167193,0.328465349225349,"2","2","1","2",2,0,"1",1,2,"2","1",1,"1",2,"0",2,2
"S0449","M",0.567924672052896,0.902923996669671,0.818335396115743,0.447283746226509,0.929370529081036,0.78518623529403,-0.162843940746057,-1.95372917692241,0.160004600492561,"2","1","2","1",1,2,"1",1,2,"1","1",1,"1",1,"2",1,2
"S0450","M",1.29098604543299,1.75779700202474,0.976823052448159,1.75847543789491,0.558118475249994,1.51874165837059,1.03833762186851,1.45383380880851,1.4385200490264,"2","0","2","2",2,1,"1",1,2,"2","1",1,"1",2,"1",2,1
"S0451","M",-0.557419887983143,-0.311334148861072,0.385250275287576,0.121585454396385,-0.0937456539644742,0.910812064257205,1.47593310113748,0.579824712124246,-0.00319694055057821,"2","2","2","1",1,2,"1",1,2,"2","1",1,"1",1,"2",2,1
"S0452","M",-0.0732077034213882,0.644020007489364,1.46316636246318,0.737315300240733,-0.252273233806547,-0.933809309849671,0.761302405652666,1.81187513435637,0.200270309656902,"1","0","1","1",1,2,"2",2,2,"2","2",2,"2",2,"2",2,1
"S0454","M",-0.839501600267039,-0.375885340003092,0.683501585870642,-0.186725315003535,-0.929370529081036,-0.494001854006244,0.793403319818597,-0.228549629709257,-0.476107921082942,"2","0","2","2",2,2,"1",1,2,"2","1",1,"1",2,"2",2,2
"S0455","M",0.507753528268266,0.849226926297686,0.828282450464725,0.855531461390625,-0.47490488170195,-0.644404186111573,0.487428220632278,0.41747208262269,0.58915288027062,"2","1","1","2",2,1,"1",2,2,"1","1",1,"1",2,"1",2,1
"S0456","F",1.06188723279441,0.53276830494626,-0.898881302097774,0.354984465457721,NA,NA,NA,-1.02572172019517,0.766736599439944,"2","2","0","0",0,1,"2",1,2,"2","2",2,"2",2,"0",2,1
"S0457","F",-0.21024418738451,-0.0435587169295222,0.354636932653526,-0.297017632126535,-2.31255918106693,-1.68907185475631,1.78338791002218,0.171492398086447,-0.445571773393019,"1","2","1","2",2,2,"1",2,2,"2","1",1,"1",2,"2",2,2
"S0459","F",-0.330327987791638,-0.618400186649949,-0.567687674107317,-0.327153859240767,0.995481629333983,1.89410558839961,-0.489721824964857,-0.92985428976522,-0.0601792682948489,"2","2","2","0",0,2,"1",2,2,"2","1",1,"1",1,"2",2,1
"S0461","M",-0.859584973202173,-0.219752132690848,1.0162247891649,-0.789057512701771,0.486579976077059,0.2520982433255,1.57453764364541,-0.579079298398525,-1.32788072179801,"2","0","2","0",0,1,"2",0,2,"2","2",2,"2",2,"1",2,1
"S0465","M",1.34172224296388,1.9758327310751,1.28476905324781,1.43144983941804,1.29586863469905,1.45838831929724,-0.410148999112388,-0.864986693186707,1.00631061817694,"2","2","2","1",1,1,"0",1,2,"2","0",0,"0",2,"1",2,1
"S0467","M",-0.0917794625087493,0.354769067150428,0.932391275918876,0.671781124790108,-0.306352724139681,-1.42011195230552,-0.0899677933732131,-1.49725044388582,0.352736955058798,"2","1","2","0",0,2,"0",1,2,"2","0",0,"0",1,"2",1,2
"S0468","M",-1.08631644262003,-0.530172127894159,0.738557602498834,-1.08753298061776,-1.75746739711425,-1.21080246669864,0.715174532283011,0.205482797765736,-1.53346112954929,"1","2","2","1",1,2,"1",1,2,"2","1",1,"1",2,"2",2,2
"S0469","M",0.572273319597859,1.52839940623318,2.02506592223906,0.98357996207393,NA,NA,NA,0.00788786375391921,0.234109298101316,"2","2","2","1",1,2,"1",2,2,"2","1",1,"1",1,"2",2,2
"S0470","M",0.552127156677767,0.526981145532583,0.118163511755102,0.569843988008904,NA,NA,NA,1.09238189944701,0.579074217141848,"2","2","2","2",2,2,"2",2,2,"2","2",2,"2",2,"2",1,2
"S0473","F",-0.0814938490699837,-0.542420595631242,-0.827778935537815,0.090076445200422,-0.463294165974586,-2.31976975989691,0.443620819722297,0.706038851678218,0.477412469401114,"2","1","2","2",2,2,"1",1,2,"1","1",1,"1",2,"2",2,2
"S0474","M",0.27047633737013,1.08117806556606,1.71562400377962,-0.0178757832229371,-0.284622188683205,-1.27140584674952,1.6720498812719,-0.212860905116296,-0.772312909805361,"2","1","2","1",1,0,"1",2,1,"2","1",1,"1",2,"0",1,2
"S0476","M",0.917543180047293,1.4229788216096,1.13390779990102,1.35510435534569,-1.12306288338759,-0.922697218146126,1.26982065848963,1.81820383791504,0.984984960114657,"2","1","2","1",1,1,"1",1,1,"2","1",1,"1",2,"1",2,0
"S0480","M",0.417758775726339,0.389104841191334,0.102631325931725,0.425303519828075,1.03022464268721,1.53758707042055,0.368654610786301,0.783925449096278,0.437001672879184,"2","0","2","1",1,2,"1",2,2,"2","1",1,"1",2,"2",1,2
"S0483","M",0.299785770205362,0.786236401828381,1.08986807490333,0.425303519828075,0.177747649922708,-1.06161627663943,0.107568190209575,0.49418172055094,0.0186069529150117,"2","2","2","1",1,0,"1",0,2,"2","1",1,"1",2,"1",2,2
"S0486","M",0.364509863379589,1.33303609821631,2.03435923480258,0.934778136505433,-0.317271837935359,-0.296197317742728,-0.51185434877912,-0.997324885940093,0.175617083363187,"2","2","1","2",2,1,"2",2,2,"2","2",2,"2",1,"1",2,2
"S0490","M",-0.539296735212841,0.353711048570336,1.64928534625539,0.109794740224844,0.0624462446608918,-1.10490794314917,0.372524183935727,-0.998016294842764,-0.591984237266968,"2","2","1","1",1,2,"1",1,2,"2","1",1,"1",2,"2",1,2
"S0491","M",-1.25435926761442,-0.0747700048652704,1.85694866761069,-0.894659123945132,1.2721509198879,0.851746406451667,0.327604348500983,0.413414330427679,-1.89462915219595,"2","1","2","2",2,2,"2",1,2,"2","2",2,"2",1,"2",2,1
"S0502","M",0.172892027776612,0.687348474245594,1.1241306349509,-0.220389147321385,1.71069771654512,1.76336161867908,1.16347403686864,0.431947314020859,-0.722478551184167,"2","2","2","2",2,2,"0",1,2,"2","0",0,"0",2,"2",2,2
"S0506","M",-0.184926409824832,0.434141514927076,1.24110258644911,0.526969816304524,-1.58912047949351,-1.53916022831558,0.434192834097786,-0.797941686412357,0.0645243455019884,"2","2","2","0",0,2,"1",2,2,"2","1",1,"1",2,"2",2,1
"S0507","M",1.27693949505306,1.50750902654897,0.522360524187315,1.0254319228128,NA,NA,NA,-0.214114873454918,0.882636901143919,"2","2","2","1",1,1,"1",2,2,"2","1",1,"1",2,"1",1,1
"S0509","M",-0.572278336440229,-0.234297636340682,0.557735375187678,-0.471834837133154,-0.10419771391158,0.318278059569633,0.254601743946978,-0.602738713314411,-0.736366265358768,"2","1","2","1",1,1,"2",1,2,"2","2",2,"2",2,"1",2,2
"S0510","M",0.108828794882106,1.16964966645038,2.17317805448642,0.977104886621299,-0.72430311007925,-0.0297623675223185,1.55901428471158,-1.02017297246443,0.163784667337885,"0","2","2","2",2,2,"2",2,1,"2","2",2,"2",2,"1",2,2
"S0514","M",0.712467406431784,1.06018558910811,0.84319258567951,0.865516802196137,-1.06625794667936,-1.18503297011386,2.48708366477552,-0.266328303946872,0.593598967970426,"1","0","2","2",2,2,"1",1,2,"2","1",1,"1",1,"2",2,2
"S0515","M",0.456987827761083,0.330148512864094,-0.0848230688191715,0.230199973718436,0.295470015211747,0.403464903780483,1.10367092911839,0.195360380836811,0.312920114833612,"2","1","1","1",1,1,"1",2,2,"2","1",1,"1",2,"1",2,2
"S0516","M",0.713389964791207,-0.0612717791883663,-1.33720048307789,0.858862456602221,2.31255918106693,2.32964428409975,1.90424622999879,-0.976610251684513,1.39704127215578,"2","2","1","2",2,2,"1",1,1,"2","1",1,"1",1,"2",1,1
"S0518","M",-1.41985949402706,-0.0631017795218929,2.1039043832998,-0.8033260054041,-0.0104011347333021,-0.0717960924197987,2.3646163867388,-1.57414801430565,-1.91539606403302,"2","1","2","2",2,1,"1",2,2,"2","1",1,"1",2,"1",2,1
"S0520","M",0.448353475685536,0.797014343980252,0.838223932408899,0.218684859933695,1.08480439455507,0.193632266850705,-0.100608948551152,0.244660903893415,-0.0974873513749732,"2","1","2","2",2,2,"2",2,2,"2","2",2,"2",2,"2",2,1
"S0522","M",-0.280731411669309,0.658682195141233,1.83347257631618,0.310003111107354,0.808005984731101,1.21653060696009,0.585693512402118,-0.965584291252043,-0.446518182284165,"2","1","2","1",1,2,"2",2,2,"2","2",2,"2",1,"2",2,0
"S0523","F",-1.97272324714741,-1.87073178631561,-0.697256815254146,-1.56822939983929,0.339225535458029,-0.714403775513762,0.981354013991099,-0.620529205939608,-1.33938177930695,"2","1","2","0",0,2,"2",2,2,"2","2",2,"2",2,"1",1,1
"S0536","M",1.38013747375729,1.85780997548912,0.966958933726461,1.86448416552363,NA,NA,NA,2.15367463972555,1.54245840598511,"2","2","2","0",0,2,"1",1,2,"1","1",1,"1",2,"2",2,2
"S0537","M",0.525289913060941,1.65537763455608,2.36115786177622,1.4488702986569,0.263025246251961,0.299818554769578,0.851872709704118,0.394838405991292,0.609802838039169,"2","0","2","2",2,1,"2",1,2,"2","2",2,"2",2,"1",1,1
"S0538","M",NA,NA,-0.100534016437936,-1.09762611977736,-1.39895750653975,-1.01068223644091,2.11689454686961,0.29777891937414,-1.11678205402871,"1","1","2","2",2,2,"1",2,2,"2","1",1,"1",2,"2",1,2
"S0539","M",1.04332784151931,1.74803949155738,1.50150408074945,1.59124599161275,-1.16303998947356,-1.78052687593724,-0.0227730344074746,1.50561057743945,1.08868482922911,"2","1","2","2",2,2,"1",1,1,"2","1",1,"1",2,"2",2,2
"S0540","M",-0.384510598265655,0.372662530631817,1.44396639996344,-0.013832563389299,0.03120790659022,0.0246360781833545,1.1016673249639,0.233994940214125,-0.637624546272144,"2","1","1","2",2,1,"1",2,2,"0","1",1,"1",2,"1",2,1
"S0541","M",-0.894249378670236,-0.533890565738404,0.456476701703461,-1.32490251262847,-0.808005984731101,-1.81005860406467,-1.54061300351837,-1.88856054112706,-1.66204552347047,"2","2","2","1",1,2,"1",2,2,"2","1",1,"1",2,"2",2,2
"S0542","F",1.31747901226158,0.828845108670847,-0.887923916763647,1.49210284928762,0.658256314557858,0.918839289126226,2.06313893854097,0.0994591238948282,1.80369979836003,"2","1","2","1",1,2,"1",1,2,"2","1",1,"1",2,"2",2,2
"S0544","M",-0.884276215003514,-0.552596204361709,0.405629870661147,-0.53004457663395,-0.510132687513105,-0.388312975475319,-1.155245755119,-0.556143835300584,-0.728742252769041,"1","1","2","2",2,0,"1",1,2,"2","1",1,"1",2,"1",1,2
"S0546","M",0.249356595550562,0.704194088060203,1.02114386073221,-0.0178757832229371,NA,NA,NA,1.92887500360631,-0.44372870514415,"2","1","2","2",2,2,"0",0,2,"2","0",0,"0",2,"2",2,1
"S0547","M",0.651459391873159,1.20098465586783,1.23624411763199,0.98034364171434,0.0104011347333021,-1.01450047848842,-0.785241647327805,0.658941088832139,0.556521143275302,"2","1","2","1",1,1,"2",1,2,"2","2",2,"2",2,"1",2,1
"S0548","M",1.18397700076435,1.93193077281352,1.55408357335603,1.77723050057769,-0.913469151741323,-0.536254332958874,1.22716916683348,0.0759082676471284,1.25681866360884,"1","2","2","0",0,2,"1",1,2,"2","1",1,"1",2,"2",1,1
"S0550","M",0.712572863869827,0.884714919029644,0.502114618343857,0.633390701286769,NA,NA,NA,0.527405580325982,0.489382183002429,"2","1","1","1",1,2,"1",2,2,"2","1",1,"1",2,"2",2,1
"S0551","M",-1.08993387343374,-0.762013526427203,0.293251359695597,-0.741791282392696,0.284622188683205,-0.0399470966307869,-0.399467783138827,1.09131634107373,-0.912058372324433,"2","1","1","1",1,1,"2",1,2,"2","2",2,"2",2,"1",2,1
"S0553","F",0.336289861767275,-0.277063088635961,-1.04194642825817,0.818721338128688,NA,NA,NA,0.219157519754807,1.25794972712631,"2","1","2","2",2,2,"2",2,2,"2","2",2,"2",2,"1",2,2
"S0555","M",1.32395242337739,2.2856098780826,1.92719117704328,1.8566302597327,0.37246916150961,0.893296406140248,-0.108762304378602,0.432525780862563,1.20409075484804,"2","2","2","2",2,1,"1",1,2,"2","1",1,"1",1,"2",2,1
"S0560","M",-0.173620612286869,0.411156251137112,1.17783850387817,0.237860652215386,1.06625794667936,0.292770012713661,1.08253975500032,2.2289240009459,-0.228324104039054,"2","1","2","2",2,1,"1",0,2,"2","1",1,"1",1,"1",2,2
"S0561","M",0.741489921713045,0.937606799201573,0.547635468335563,1.02222698308852,0.645393523798251,0.850140211064749,-1.13722579820105,0.511956428043736,0.869784457734373,"2","1","2","1",1,2,"2",2,2,"2","2",2,"2",2,"2",0,1
"S0576","M",-0.127077566414284,0.201504108326869,0.693524483751564,0.121585454396385,0.114661169719708,1.17751053768933,0.157699741662855,0.0365024455132837,-0.139572557875133,"2","2","1","2",2,1,"1",1,2,"2","1",1,"1",2,"1",1,2
"S0580","M",-0.795558900160497,-0.583122998180293,0.216219581763019,-0.539062316772495,-0.765483979664802,-0.02156403707806,-0.0329359104029782,-0.430192065413924,-0.648328722538007,"2","1","2","2",2,2,"2",2,2,"2","2",2,"2",2,"2",2,2
"S0584","M",0.131087696768549,0.394351697814328,0.628274230213304,0.241686185465604,-0.79367288044056,-0.560002269325444,-0.487027855971082,1.20295910748465,0.0200562829992045,"2","1","2","1",1,2,"0",1,2,"1","1",1,"0",2,"2",2,2
"S0585","F",1.17648449597767,0.94676233385746,-0.343193399003491,0.406904391778665,NA,NA,NA,-1.34418921395595,0.598947074673856,"2","1","2","1",1,2,"2",2,2,"2","2",2,"2",2,"2",2,2
"S0586","M",-0.918351184726703,-0.37843415886396,0.793443339928701,-0.327153859240767,-1.51952378634017,-1.71113897167729,-0.964547989206537,-1.70447612972971,-0.685864471563604,"2","2","1","2",2,1,"1",2,2,"2","1",1,"1",2,"2",2,2
"S0588","F",-0.175889906117298,-0.390150860989346,-0.375090659993343,-0.207737138684648,1.37180393704199,0.381294121219055,-0.769466456226297,0.136757117341796,-0.0197292907660025,"2","2","1","2",2,2,"1",1,2,"2","1",1,"1",1,"2",1,1
"S0589","M",-0.283874116266184,0.668153650647563,1.85694866761069,0.534144175296913,0.440256921530147,0.597911385959952,1.34575714666372,0.401228734706406,-0.19969881264753,"2","0","1","1",1,2,"1",2,2,"2","1",1,"1",2,"1",2,2
"S0600","F",0.906638718337024,0.61265967088589,-0.417709721997852,1.18268726420131,0.428826087375718,0.0576023492023806,0.0918805638135327,-0.569241778881902,1.3749019746813,"2","1","1","1",1,2,"1",2,2,"2","1",1,"1",2,"2",1,1
"S0606","F",-0.640130612823673,-1.42929242684793,-1.66031794925249,-0.643985592708013,NA,NA,NA,-0.444400869322102,0.092927353829515,"2","1","2","0",0,2,"1",2,2,"2","1",1,"1",2,"2",1,2
"S0609","F",-0.256895134589278,-0.12749431220407,0.267611235448158,0.310003111107354,1.01270033145922,1.14219115702861,-1.28231112872202,-0.588271888293922,0.248024501872023,"2","1","2","2",2,2,"1",0,2,"2","1",1,"1",2,"2",2,2
"S0612","M",0.290743292926772,0.178530180239792,-0.0743568257366982,0.249327661901857,-0.978553125166181,-0.772262092434087,0.790775462276833,1.62164810767424,0.328356604980738,"2","1","2","1",2,2,"1",0,2,"2","1",1,"1",2,"2",2,2
"S0613","M",-0.266126342776744,0.702233684469424,1.8944459360234,0.395828789582025,-0.995481629333983,-0.290908013373094,-0.17554130031424,0.687008788288694,-0.375538653261658,"2","2","2","2",2,1,"2",2,2,"2","2",2,"2",2,"1",2,2
"S0615","F",-1.00070361343359,-1.43546763844682,-1.14167150869663,-1.60712454964736,0.0728710722903356,1.60806046332328,-0.646788320603783,0.542254458932544,-1.15687229002314,"2","2","2","0",0,1,"2",2,2,"2","2",2,"2",2,"1",2,2
"S0618","M",-0.0856930149565661,0.122869849733408,0.471702385156549,0.0344143629442262,1.48732323542371,-0.626327169588453,-0.394426286366657,0.080744854209378,-0.135733110871831,"2","2","2","2",2,2,"2",2,2,"2","2",2,"2",2,"2",2,1
"S0620","M",0.841416188223058,1.28464447329311,1.02114386073221,1.23790245244379,-1.08480439455507,-1.54458887670668,1.37058334081308,0.603641710292094,0.908267541052257,"2","2","2","0",0,2,"0",2,2,"2","0",0,"0",2,"2",2,2
"S0622","F",-0.604367449410143,-0.574175513384258,-0.0534428396068784,-0.418718296049256,0.1356269711442,0.210911488403974,0.0303654869825675,0.455053460094417,-0.389967768371766,"2","2","1","2",2,1,"0",1,1,"2","0",0,"0",2,"1",2,2
"S0633","M",-0.124278289743099,-0.34891596116828,-0.380412448632479,-0.128384740861119,-0.339225535458029,0.00586789851676605,0.130780003211531,1.82598615991426,0.0657566020604463,"2","1","2","0",0,2,"2",2,2,"2","2",2,"2",2,"2",2,2
"S0643","M",-0.21962559791662,-0.256139455586071,-0.0429950820361843,-0.831986929192017,-1.22674881973321,-0.0348229842653391,-1.13908980246797,-0.370095372004535,-0.848835434519703,"2","1","1","0",0,1,"2",2,2,"2","2",2,"2",1,"1",2,1
"S0649","M",2.66581978352505,NA,-0.0221180016710907,NA,0.156652566069307,-0.252031565867058,-0.0857680541852742,0.25581842031973,NA,"2","2","2","2",2,2,"0",1,2,"2","0",0,"0",2,"2",2,1
"S0653","M",-0.437583915215694,0.172449908046415,1.1387943631036,-0.440779096913192,0.451745574395298,0.422294670175869,-0.830269282175727,-0.103272687433895,-0.983710618826863,"2","2","2","1",1,1,"1",1,2,"2","1",1,"1",2,"1",2,0
"S0660","M",1.01352112259187,1.32016367909342,0.733559562263256,1.00294692231983,-0.37246916150961,0.323862436717359,-0.0989958743737674,2.03313098459853,0.778725769409256,"2","2","1","1",1,1,"1",2,2,"2","1",1,"1",2,"1",2,1
"S0666","M",0.412942446172603,1.16111723443053,1.61126590219044,0.291128671638354,-0.177747649922708,1.42249692200739,-1.09406496821955,-0.381580491230251,-0.365576032283087,"1","1","2","1",1,2,"1",2,1,"2","1",1,"1",0,"2",1,2
"S0680","M",-0.530489850529525,-0.531929557664955,-0.0848230688191715,-0.836779900666058,0.230855084109714,-0.433689210920382,1.68672034523323,0.543110286652448,-0.833831087766703,"2","1","2","1",1,0,"2",1,2,"2","2",2,"2",2,"0",2,2
"S0683","F",-0.301003196546009,-0.519709149021823,-0.423044308704819,-0.0625837371209181,0.913469151741323,1.16799158435937,-0.269104573417256,0.148152500427297,0.152654017874735,"2","1","0","1",1,2,"1",1,2,"2","1",1,"1",2,"2",2,2
"S0685","F",0.622247135246155,0.386064430573506,-0.29015837365421,0.454586692453981,NA,NA,NA,-0.158051379244485,0.625641394752871,"1","1","2","0",0,2,"2",1,2,"2","2",2,"2",2,"2",2,0
"S0688","M",0.0581219673769857,0.44239671809649,0.848159848188038,0.294909826221813,1.9986784740835,0.836594321777856,-2.19012991595468,0.306374642224143,-0.0183766098407144,"2","1","2","2",2,0,"0",2,2,"2","0",0,"0",2,"0",2,1
"S0690","M",0.68063753733154,1.30752607196246,1.3862415592089,1.2863823484818,-0.867091064342285,0.248030341303491,0.57527378044818,0.212025790803294,0.818757939583173,"2","1","2","1",1,1,"2",0,2,"2","2",2,"2",2,"1",2,1
"S0697","M",1.3068785883836,1.87983385167168,1.17783850387817,1.48636461598717,-2.49917925320797,-1.97231654904719,-0.947581956245245,2.58697310600601,1.10114071892555,"2","0","2","1",1,1,"0",1,2,"2","0",0,"0",2,"1",2,2
"S0700","M",-0.26540986287975,0.515331029856004,1.53020311464718,-0.22461400206588,-0.570314024766081,-1.2906183285808,1.83637646727338,-0.882162705683726,-0.924253906369963,"2","1","1","1",1,1,"0",2,2,"2","0",0,"0",2,"1",2,1
"S0701","M",1.93303044144674,2.395484514482,0.628274230213304,2.42859903705206,-0.779501002451717,-0.634767246601537,1.13961383268165,0.660028816403285,2.14993850110377,"2","1","2","1",1,1,"0",1,1,"2","0",0,"0",2,"1",2,2
"S0705","M",0.365473530603068,0.661754763804007,0.728560113975387,0.148980503024509,-0.14613169322905,0.0265327867913939,-0.398624864784833,0.25581842031973,-0.125177164983178,"2","1","2","2",2,2,"0",1,2,"2","0",0,"0",2,"2",2,2
"S0710","M",0.252386621230404,0.32701257671296,0.282999755042266,-0.340127827333585,-1.03022464268721,-0.13463191257302,-0.928918228994503,0.742034588162633,-0.459807944886663,"2","0","2","0",0,2,"0",2,2,"2","0",0,"0",2,"2",2,1
"S0717","M",0.701983560372016,1.80039488521128,2.30176981692393,0.882108220059087,NA,NA,NA,-1.45249986796592,0.000304145461264304,"2","1","2","2",2,2,"1",2,2,"2","1",1,"1",1,"2",2,2
"S0721","F",0.180815048062277,-0.226323494243909,-0.664775732996021,0.682193627573892,0.765483979664802,0.115786435418266,-0.293620216519851,-0.0992758925276725,0.993116248288866,"2","1","2","2",2,2,"0",2,2,"2","0",0,"0",2,"2",2,1
"S0722","M",1.56220548908212,2.16115725934967,1.1241306349509,1.97538327691673,0.417451013933675,1.44657481607762,0.738336164381601,0.122021051614452,1.59505479445437,"2","1","2","1",1,0,"1",2,2,"1","1",1,"1",2,"1",2,2
"S0736","M",0.299658122926725,0.893927492224704,1.29930069771109,0.640395597297625,0.052028199273127,0.899289436140993,-0.0885085662629286,-0.711361866464261,0.163953883938225,"2","1","2","2",2,1,"0",1,2,"2","0",0,"0",2,"1",2,2
"S0738","M",-0.114556865658689,0.728628409089917,1.69669539302793,0.406904391778665,0.125137194506334,0.246424507581154,-0.145005405925656,-0.268722128690317,-0.272411730006854,"2","1","2","2",2,2,"2",2,2,"2","2",2,"2",2,"1",2,2
"S0741","M",0.0547609291012821,0.701511218383164,1.35730857257476,0.214840045389936,NA,NA,NA,0.774161236676201,-0.335860365642523,"2","1","1","0",0,1,"2",1,2,"1","2",2,"2",2,"1",2,1
"S0758","M",0.894654613494486,1.1823023747778,0.713553312858935,1.20731653376326,-2.86657657755354,-2.15617107429018,1.78687720043786,1.18207489592364,0.992958182227584,"2","1","2","1",1,2,"1",1,2,"2","1",1,"1",2,"2",2,2
"S0770","M",-0.276123380711887,0.429816616004774,1.38142266941405,0.195567448200313,0.671228950037917,0.086575705704405,0.5629479216765,0.0943898352581541,-0.368774472558077,"2","2","2","1",1,1,"2",1,2,"2","2",2,"2",2,"1",2,1
"S0772","M",1.19172191140763,1.4174227767643,0.537529810014221,1.00938323314904,-1.62701251494598,-1.34864709633842,-1.33553359911539,-1.24218984977898,0.860702925520504,"1","1","1","1",1,2,"2",0,1,"2","0",0,"2",2,"2",2,2
"S0775","F",0.552823809761508,-0.491477709015545,-1.86167876046319,0.685659010216005,0.0833038255683109,0.74247693799376,0.175998910697943,1.15365423556633,1.42320022355936,"2","2","2","1",1,2,"1",1,2,"2","1",1,"1",2,"2",2,1
